order_id,user_id,category,amount,order_status,order_date,device,payment_method,coupon_used,discount_rate,shipping_fee,delivery_days,is_first_order
O00001,U0405,전자기기,239000,완료,2025-07-02,desktop,card,N,0,0,3,Y
O00002,U0286,패션,194000,완료,2025-07-14,mobile,card,N,0,0,3,Y
O00003,U0072,전자기기,172000,완료,2025-07-10,desktop,naver_pay,N,0,0,3,Y
O00004,U0456,패션,193000,반품,2025-07-16,mobile,card,N,0,0,4,Y
O00005,U0380,전자기기,306000,취소,2025-07-06,mobile,card,N,0,0,2,N
O00006,U0016,패션,92000,취소,2025-07-23,tablet,card,N,0,0,2,Y
O00007,U0279,패션,138000,완료,2025-07-27,mobile,bank_transfer,Y,10,0,2,N
O00008,U0084,뷰티,129000,완료,2025-07-25,mobile,toss_pay,N,0,0,3,Y
O00009,U0282,패션,148000,완료,2025-07-22,desktop,card,N,0,0,4,Y
O00010,U0064,패션,49000,반품,2025-07-21,mobile,bank_transfer,Y,5,3000,3,N
O00011,U0483,뷰티,153000,완료,2025-07-24,tablet,card,N,0,0,4,N
O00012,U0459,식품,109000,완료,2025-07-03,mobile,naver_pay,N,0,0,4,Y
O00013,U0272,뷰티,47000,완료,2025-07-13,mobile,bank_transfer,Y,12,0,5,N
O00014,U0135,식품,32000,완료,2025-07-20,mobile,bank_transfer,N,0,0,4,N
O00015,U0066,식품,65000,취소,2025-07-20,desktop,kakao_pay,N,0,0,3,N
O00016,U0209,식품,75000,완료,2025-07-15,mobile,card,N,0,0,2,Y
O00017,U0339,뷰티,139000,완료,2025-07-14,mobile,card,N,0,0,3,Y
O00018,U0039,식품,142000,완료,2025-07-10,mobile,card,N,0,0,3,N
O00019,U0281,뷰티,73000,반품,2025-07-19,mobile,kakao_pay,N,0,0,4,N
O00020,U0407,패션,148000,완료,2025-07-27,mobile,card,Y,20,0,2,Y
O00021,U0192,전자기기,221000,취소,2025-07-26,mobile,naver_pay,N,0,0,3,Y
O00022,U0126,홈리빙,85000,취소,2025-07-04,tablet,card,Y,20,0,4,Y
O00023,U0215,전자기기,109000,완료,2025-07-31,mobile,card,N,0,0,4,N
O00024,U0370,식품,101000,완료,2025-07-13,desktop,toss_pay,N,0,0,4,N
O00025,U0402,전자기기,193000,완료,2025-07-07,desktop,card,N,0,0,1,Y
O00026,U0241,전자기기,368000,완료,2025-07-15,mobile,card,N,0,0,5,N
O00027,U0073,패션,184000,완료,2025-07-28,mobile,kakao_pay,N,0,0,1,N
O00028,U0228,패션,163000,완료,2025-07-14,mobile,naver_pay,Y,10,0,4,Y
O00029,U0495,홈리빙,163000,완료,2025-07-17,mobile,kakao_pay,N,0,0,3,N
O00030,U0292,뷰티,114000,완료,2025-07-19,desktop,kakao_pay,N,0,0,3,Y
O00031,U0148,전자기기,247000,취소,2025-07-15,mobile,toss_pay,N,0,0,2,Y
O00032,U0349,전자기기,193000,완료,2025-07-11,mobile,kakao_pay,Y,7,0,4,N
O00033,U0468,홈리빙,136000,완료,2025-07-27,desktop,card,N,0,0,3,Y
O00034,U0477,뷰티,68000,완료,2025-07-24,mobile,card,N,0,0,4,Y
O00035,U0043,뷰티,39000,완료,2025-07-07,desktop,toss_pay,N,0,3000,2,Y
O00036,U0277,홈리빙,98000,완료,2025-07-02,mobile,bank_transfer,N,0,0,3,Y
O00037,U0404,패션,65000,완료,2025-07-12,mobile,toss_pay,N,0,0,5,N
O00038,U0383,식품,116000,완료,2025-07-23,desktop,kakao_pay,N,0,0,1,Y
O00039,U0026,홈리빙,293000,취소,2025-07-26,tablet,naver_pay,N,0,0,3,Y
O00040,U0430,전자기기,268000,완료,2025-07-24,desktop,toss_pay,Y,5,0,2,N
O00041,U0138,패션,141000,완료,2025-07-28,mobile,bank_transfer,Y,20,0,1,N
O00042,U0099,홈리빙,32000,취소,2025-07-12,mobile,card,N,0,0,2,Y
O00043,U0356,패션,67000,완료,2025-07-26,mobile,naver_pay,N,0,0,2,Y
O00044,U0212,홈리빙,285000,취소,2025-07-05,desktop,toss_pay,N,0,0,3,Y
O00045,U0384,식품,27000,완료,2025-07-02,tablet,card,Y,12,0,5,Y
O00046,U0329,뷰티,27000,반품,2025-07-14,desktop,naver_pay,N,0,3000,2,Y
O00047,U0197,식품,47000,완료,2025-07-20,desktop,card,N,0,0,3,N
O00048,U0467,식품,39000,완료,2025-07-26,desktop,naver_pay,N,0,3000,5,N
O00049,U0322,식품,28000,취소,2025-07-18,mobile,naver_pay,N,0,3000,3,Y
O00050,U0135,전자기기,271000,완료,2025-07-18,mobile,card,N,0,0,5,N
O00051,U0293,패션,140000,취소,2025-07-09,mobile,card,N,0,0,2,Y
O00052,U0309,패션,125000,완료,2025-07-08,mobile,card,Y,10,0,2,Y
O00053,U0403,홈리빙,254000,완료,2025-07-10,mobile,kakao_pay,N,0,0,2,Y
O00054,U0135,식품,82000,완료,2025-07-17,mobile,card,N,0,0,2,N
O00055,U0287,식품,30000,완료,2025-07-16,desktop,card,N,0,0,2,Y
O00056,U0101,전자기기,244000,취소,2025-07-16,desktop,bank_transfer,N,0,0,3,N
O00057,U0316,홈리빙,283000,완료,2025-07-05,mobile,card,N,0,0,3,Y
O00058,U0243,패션,103000,반품,2025-07-24,desktop,kakao_pay,N,0,0,1,Y
O00059,U0077,뷰티,35000,반품,2025-07-05,mobile,card,N,0,0,3,Y
O00060,U0063,패션,73000,완료,2025-07-30,mobile,kakao_pay,Y,7,0,1,N
O00061,U0449,홈리빙,225000,완료,2025-07-02,mobile,card,N,0,0,5,Y
O00062,U0206,뷰티,131000,완료,2025-07-05,mobile,naver_pay,N,0,0,3,Y
O00063,U0380,뷰티,66000,완료,2025-07-20,desktop,card,N,0,0,5,N
O00064,U0331,패션,86000,완료,2025-07-09,tablet,toss_pay,N,0,0,4,N
O00065,U0321,홈리빙,158000,완료,2025-07-21,desktop,kakao_pay,N,0,0,1,N
O00066,U0278,전자기기,285000,취소,2025-07-29,mobile,naver_pay,Y,15,0,3,Y
O00067,U0009,뷰티,150000,완료,2025-07-15,mobile,naver_pay,Y,7,0,3,N
O00068,U0042,뷰티,81000,완료,2025-07-14,tablet,card,N,0,0,2,Y
O00069,U0010,뷰티,32000,완료,2025-07-03,mobile,card,N,0,0,5,N
O00070,U0076,홈리빙,56000,완료,2025-07-13,mobile,naver_pay,N,0,0,2,N
O00071,U0049,전자기기,211000,취소,2025-07-25,desktop,card,N,0,0,2,N
O00072,U0296,패션,102000,완료,2025-07-14,mobile,card,N,0,0,3,N
O00073,U0034,전자기기,402000,취소,2025-07-25,tablet,naver_pay,Y,15,0,2,Y
O00074,U0275,식품,55000,완료,2025-07-12,mobile,naver_pay,Y,20,0,2,Y
O00075,U0269,전자기기,428000,완료,2025-07-15,mobile,card,N,0,0,5,N
O00076,U0484,뷰티,40000,완료,2025-07-27,mobile,card,Y,12,3000,2,Y
O00077,U0313,뷰티,25000,완료,2025-07-27,mobile,card,N,0,3000,1,N
O00078,U0070,뷰티,64000,완료,2025-07-31,tablet,card,N,0,0,4,Y
O00079,U0164,패션,94000,취소,2025-07-11,mobile,kakao_pay,Y,10,0,3,N
O00080,U0008,식품,12000,완료,2025-07-23,desktop,naver_pay,N,0,3000,4,Y
O00081,U0245,패션,176000,완료,2025-07-22,mobile,toss_pay,N,0,0,5,N
O00082,U0225,전자기기,239000,반품,2025-07-23,mobile,bank_transfer,N,0,0,5,Y
O00083,U0498,전자기기,193000,완료,2025-07-12,mobile,card,Y,20,0,4,N
O00084,U0096,식품,100000,완료,2025-07-29,tablet,card,Y,12,0,3,Y
O00085,U0351,뷰티,160000,완료,2025-07-16,mobile,card,N,0,0,3,N
O00086,U0085,전자기기,310000,취소,2025-07-03,mobile,kakao_pay,N,0,0,4,Y
O00087,U0066,홈리빙,248000,취소,2025-07-23,mobile,bank_transfer,N,0,0,1,N
O00088,U0340,뷰티,127000,완료,2025-07-28,mobile,toss_pay,Y,12,0,1,Y
O00089,U0475,패션,70000,반품,2025-07-02,mobile,card,N,0,0,5,Y
O00090,U0442,전자기기,248000,완료,2025-07-29,mobile,card,N,0,0,1,N
O00091,U0283,전자기기,451000,취소,2025-07-11,mobile,card,N,0,0,2,N
O00092,U0145,뷰티,69000,완료,2025-07-27,mobile,naver_pay,N,0,0,2,N
O00093,U0119,전자기기,231000,완료,2025-07-25,mobile,card,Y,10,0,1,Y
O00094,U0297,패션,93000,완료,2025-07-23,desktop,card,Y,5,0,5,Y
O00095,U0034,전자기기,253000,취소,2025-07-18,mobile,card,Y,20,0,1,Y
O00096,U0027,홈리빙,168000,완료,2025-07-13,desktop,naver_pay,Y,15,0,3,N
O00097,U0232,패션,48000,완료,2025-07-07,desktop,card,N,0,3000,3,Y
O00098,U0056,전자기기,289000,취소,2025-07-09,desktop,card,N,0,0,3,Y
O00099,U0172,뷰티,41000,완료,2025-07-25,mobile,card,Y,5,3000,4,Y
O00100,U0173,뷰티,38000,완료,2025-07-19,mobile,card,N,0,3000,3,N
O00101,U0327,전자기기,359000,완료,2025-07-21,mobile,card,N,0,0,2,Y
O00102,U0460,식품,82000,완료,2025-07-28,tablet,kakao_pay,N,0,0,2,Y
O00103,U0284,홈리빙,126000,완료,2025-07-08,desktop,toss_pay,Y,12,0,3,N
O00104,U0467,뷰티,68000,완료,2025-07-26,desktop,toss_pay,Y,12,0,2,N
O00105,U0367,전자기기,466000,완료,2025-07-10,mobile,kakao_pay,Y,5,0,2,N
O00106,U0221,뷰티,57000,반품,2025-07-29,mobile,card,N,0,0,2,Y
O00107,U0124,전자기기,208000,취소,2025-07-27,desktop,toss_pay,Y,7,0,1,Y
O00108,U0340,패션,50000,취소,2025-07-12,mobile,card,N,0,0,5,Y
O00109,U0330,홈리빙,335000,반품,2025-07-29,desktop,card,N,0,0,2,Y
O00110,U0470,식품,53000,완료,2025-07-25,mobile,naver_pay,Y,15,0,1,N
O00111,U0305,전자기기,348000,완료,2025-07-28,mobile,card,Y,5,0,2,N
O00112,U0254,뷰티,100000,완료,2025-07-17,desktop,kakao_pay,N,0,0,2,N
O00113,U0189,홈리빙,118000,취소,2025-07-23,mobile,naver_pay,N,0,0,3,N
O00114,U0241,홈리빙,160000,완료,2025-07-08,desktop,naver_pay,N,0,0,2,N
O00115,U0450,패션,64000,완료,2025-07-12,mobile,card,N,0,0,5,Y
O00116,U0121,전자기기,220000,취소,2025-07-20,mobile,card,N,0,0,3,Y
O00117,U0162,패션,82000,완료,2025-07-08,mobile,card,N,0,0,3,Y
O00118,U0127,전자기기,220000,취소,2025-07-30,mobile,card,N,0,0,2,Y
O00119,U0108,전자기기,277000,완료,2025-07-25,mobile,card,Y,20,0,5,Y
O00120,U0344,패션,240000,취소,2025-07-01,desktop,naver_pay,N,0,0,2,Y
O00121,U0384,패션,238000,완료,2025-07-16,desktop,naver_pay,N,0,0,1,Y
O00122,U0325,홈리빙,242000,반품,2025-07-19,desktop,kakao_pay,Y,20,0,3,Y
O00123,U0394,식품,60000,완료,2025-07-31,mobile,card,N,0,0,5,N
O00124,U0349,전자기기,280000,완료,2025-07-01,desktop,card,Y,15,0,4,N
O00125,U0252,뷰티,45000,완료,2025-07-11,desktop,naver_pay,N,0,3000,2,N
O00126,U0289,뷰티,37000,완료,2025-07-19,tablet,kakao_pay,N,0,3000,3,N
O00127,U0434,홈리빙,121000,완료,2025-07-31,mobile,card,N,0,0,3,N
O00128,U0230,홈리빙,69000,완료,2025-07-01,mobile,naver_pay,N,0,0,3,N
O00129,U0094,전자기기,218000,반품,2025-07-17,mobile,kakao_pay,Y,20,0,2,Y
O00130,U0006,패션,85000,반품,2025-07-03,mobile,card,N,0,0,4,N
O00131,U0189,홈리빙,244000,완료,2025-07-31,mobile,card,Y,20,0,3,N
O00132,U0145,전자기기,256000,취소,2025-07-26,mobile,bank_transfer,Y,7,0,3,N
O00133,U0117,패션,100000,완료,2025-07-29,mobile,card,N,0,0,4,N
O00134,U0466,패션,154000,반품,2025-07-24,mobile,card,Y,7,0,3,Y
O00135,U0215,패션,134000,취소,2025-07-06,tablet,card,Y,20,0,5,N
O00136,U0130,뷰티,135000,완료,2025-07-14,desktop,card,N,0,0,3,Y
O00137,U0498,뷰티,30000,반품,2025-07-15,mobile,card,Y,10,0,1,N
O00138,U0011,뷰티,67000,완료,2025-07-09,desktop,card,Y,12,0,1,N
O00139,U0061,홈리빙,203000,완료,2025-07-23,mobile,kakao_pay,N,0,0,2,N
O00140,U0482,전자기기,368000,취소,2025-07-18,mobile,card,Y,5,0,1,N
O00141,U0369,전자기기,107000,취소,2025-07-29,mobile,card,Y,12,0,1,Y
O00142,U0338,전자기기,366000,취소,2025-07-13,mobile,naver_pay,N,0,0,1,Y
O00143,U0347,패션,38000,완료,2025-07-01,tablet,card,Y,7,0,1,N
O00144,U0209,홈리빙,86000,완료,2025-07-27,mobile,toss_pay,N,0,0,5,Y
O00145,U0413,전자기기,247000,완료,2025-07-07,mobile,naver_pay,Y,10,0,3,N
O00146,U0474,패션,65000,완료,2025-07-01,mobile,card,Y,10,0,2,N
O00147,U0189,패션,159000,완료,2025-07-14,mobile,card,N,0,0,2,N
O00148,U0140,뷰티,33000,반품,2025-07-20,tablet,bank_transfer,N,0,0,1,N
O00149,U0154,뷰티,137000,완료,2025-07-29,mobile,card,N,0,0,5,Y
O00150,U0346,홈리빙,59000,완료,2025-07-08,mobile,kakao_pay,Y,15,0,4,N
O00151,U0254,식품,19000,완료,2025-07-20,mobile,card,N,0,3000,2,N
O00152,U0039,전자기기,196000,완료,2025-07-31,mobile,toss_pay,Y,20,0,3,N
O00153,U0224,홈리빙,108000,완료,2025-07-21,mobile,naver_pay,N,0,0,3,Y
O00154,U0407,식품,90000,완료,2025-07-08,mobile,toss_pay,Y,7,0,4,Y
O00155,U0401,식품,111000,완료,2025-07-28,mobile,naver_pay,N,0,0,1,Y
O00156,U0247,홈리빙,323000,완료,2025-07-27,mobile,card,N,0,0,3,Y
O00157,U0398,전자기기,249000,완료,2025-07-06,mobile,card,N,0,0,3,Y
O00158,U0302,패션,212000,완료,2025-07-13,mobile,toss_pay,Y,12,0,3,Y
O00159,U0083,패션,141000,완료,2025-07-25,desktop,naver_pay,N,0,0,1,N
O00160,U0184,홈리빙,267000,취소,2025-07-13,mobile,naver_pay,N,0,0,2,Y
O00161,U0232,패션,118000,완료,2025-07-01,desktop,card,Y,7,0,2,Y
O00162,U0006,뷰티,70000,취소,2025-07-13,tablet,toss_pay,N,0,0,2,N
O00163,U0245,뷰티,62000,완료,2025-07-25,mobile,kakao_pay,Y,5,0,2,N
O00164,U0218,패션,139000,반품,2025-07-02,mobile,naver_pay,N,0,0,4,Y
O00165,U0323,홈리빙,95000,완료,2025-07-22,mobile,naver_pay,Y,10,0,4,N
O00166,U0321,패션,131000,완료,2025-07-01,mobile,naver_pay,Y,15,0,2,N
O00167,U0062,전자기기,240000,취소,2025-07-29,tablet,card,N,0,0,2,Y
O00168,U0209,식품,46000,완료,2025-07-25,mobile,card,N,0,0,3,Y
O00169,U0438,식품,78000,완료,2025-07-07,mobile,card,N,0,0,4,Y
O00170,U0471,패션,226000,완료,2025-07-14,mobile,card,N,0,0,4,N
O00171,U0263,뷰티,40000,취소,2025-07-15,mobile,kakao_pay,Y,20,3000,1,Y
O00172,U0281,전자기기,334000,완료,2025-07-14,mobile,toss_pay,N,0,0,5,N
O00173,U0221,홈리빙,173000,완료,2025-07-01,mobile,card,Y,5,0,2,Y
O00174,U0289,패션,48000,취소,2025-07-17,mobile,naver_pay,Y,5,0,2,N
O00175,U0396,패션,209000,완료,2025-07-11,mobile,card,Y,12,0,3,Y
O00176,U0177,홈리빙,224000,반품,2025-07-12,mobile,card,N,0,0,1,Y
O00177,U0436,식품,111000,완료,2025-07-09,mobile,card,Y,7,0,3,Y
O00178,U0482,식품,59000,완료,2025-07-07,desktop,kakao_pay,N,0,0,4,N
O00179,U0003,뷰티,53000,반품,2025-07-11,desktop,toss_pay,N,0,0,4,N
O00180,U0340,패션,142000,완료,2025-07-22,mobile,toss_pay,N,0,0,3,Y
O00181,U0430,홈리빙,103000,완료,2025-07-28,desktop,bank_transfer,Y,7,0,5,N
O00182,U0357,전자기기,156000,완료,2025-07-06,tablet,toss_pay,N,0,0,3,Y
O00183,U0451,홈리빙,151000,완료,2025-07-04,desktop,naver_pay,Y,7,0,1,Y
O00184,U0216,식품,123000,완료,2025-07-22,desktop,card,N,0,0,2,Y
O00185,U0239,홈리빙,75000,완료,2025-07-11,desktop,card,N,0,0,4,N
O00186,U0436,홈리빙,164000,취소,2025-07-24,mobile,naver_pay,N,0,0,4,Y
O00187,U0185,뷰티,121000,완료,2025-07-04,mobile,card,N,0,0,1,Y
O00188,U0044,식품,91000,취소,2025-07-19,mobile,card,Y,10,0,3,N
O00189,U0366,패션,60000,완료,2025-07-30,mobile,card,Y,12,0,4,N
O00190,U0398,뷰티,44000,완료,2025-07-27,desktop,card,Y,15,3000,2,Y
O00191,U0103,식품,45000,완료,2025-07-10,desktop,bank_transfer,N,0,0,2,N
O00192,U0253,식품,107000,완료,2025-07-23,mobile,card,N,0,0,2,Y
O00193,U0487,전자기기,181000,취소,2025-07-23,desktop,toss_pay,N,0,0,2,Y
O00194,U0366,홈리빙,239000,취소,2025-07-06,mobile,bank_transfer,N,0,0,5,N
O00195,U0498,뷰티,93000,완료,2025-07-24,desktop,card,N,0,0,3,N
O00196,U0135,식품,108000,완료,2025-07-26,mobile,naver_pay,Y,7,0,5,N
O00197,U0027,홈리빙,177000,완료,2025-07-07,mobile,kakao_pay,N,0,0,2,N
O00198,U0103,식품,16000,완료,2025-07-13,mobile,naver_pay,N,0,3000,2,N
O00199,U0482,패션,192000,반품,2025-07-21,mobile,card,Y,12,0,3,N
O00200,U0163,패션,139000,완료,2025-07-20,mobile,kakao_pay,Y,5,0,4,Y
O00201,U0483,뷰티,94000,완료,2025-07-27,mobile,naver_pay,N,0,0,5,N
O00202,U0323,패션,82000,취소,2025-07-08,mobile,naver_pay,Y,5,0,3,N
O00203,U0010,뷰티,49000,완료,2025-07-23,desktop,card,N,0,3000,4,N
O00204,U0215,뷰티,28000,완료,2025-07-13,desktop,card,N,0,3000,1,N
O00205,U0276,뷰티,70000,취소,2025-07-21,mobile,naver_pay,N,0,0,5,Y
O00206,U0065,식품,116000,반품,2025-07-26,desktop,card,Y,15,0,3,Y
O00207,U0147,전자기기,305000,완료,2025-07-17,desktop,card,Y,10,0,1,Y
O00208,U0140,홈리빙,305000,완료,2025-07-29,mobile,card,N,0,0,3,N
O00209,U0392,뷰티,80000,완료,2025-07-20,mobile,toss_pay,N,0,0,2,N
O00210,U0269,전자기기,359000,완료,2025-07-31,mobile,bank_transfer,Y,7,0,2,N
O00211,U0067,뷰티,49000,완료,2025-07-29,mobile,kakao_pay,N,0,0,4,N
O00212,U0082,패션,130000,반품,2025-07-24,mobile,card,N,0,0,4,Y
O00213,U0128,뷰티,98000,완료,2025-07-14,mobile,kakao_pay,N,0,0,2,N
O00214,U0413,패션,84000,취소,2025-07-04,mobile,card,N,0,0,3,N
O00215,U0344,패션,46000,완료,2025-07-01,desktop,card,N,0,3000,2,Y
O00216,U0048,홈리빙,285000,완료,2025-07-19,mobile,kakao_pay,N,0,0,2,Y
O00217,U0413,뷰티,96000,완료,2025-07-06,mobile,kakao_pay,N,0,0,1,N
O00218,U0150,식품,100000,완료,2025-07-13,desktop,kakao_pay,N,0,0,5,Y
O00219,U0239,전자기기,269000,완료,2025-07-02,mobile,kakao_pay,Y,7,0,2,N
O00220,U0466,뷰티,107000,완료,2025-07-12,mobile,kakao_pay,N,0,0,3,Y
O00221,U0399,뷰티,64000,완료,2025-07-21,desktop,bank_transfer,N,0,0,2,N
O00222,U0430,홈리빙,107000,완료,2025-07-06,mobile,card,Y,5,0,1,N
O00223,U0283,전자기기,412000,완료,2025-07-17,mobile,toss_pay,N,0,0,4,N
O00224,U0472,전자기기,314000,완료,2025-07-20,mobile,card,N,0,0,1,Y
O00225,U0095,식품,57000,완료,2025-07-31,mobile,toss_pay,N,0,0,4,N
O00226,U0467,홈리빙,185000,반품,2025-07-17,tablet,naver_pay,Y,12,0,5,N
O00227,U0457,전자기기,174000,완료,2025-07-04,mobile,card,Y,5,0,2,N
O00228,U0163,식품,107000,취소,2025-07-07,mobile,kakao_pay,N,0,0,2,Y
O00229,U0002,뷰티,137000,완료,2025-07-30,tablet,kakao_pay,N,0,0,1,Y
O00230,U0231,뷰티,57000,완료,2025-07-12,mobile,card,N,0,0,1,Y
O00231,U0446,전자기기,162000,완료,2025-07-14,mobile,kakao_pay,N,0,0,2,Y
O00232,U0064,뷰티,90000,완료,2025-07-18,mobile,card,Y,12,0,2,N
O00233,U0406,전자기기,367000,완료,2025-07-23,desktop,card,Y,10,0,5,N
O00234,U0098,전자기기,242000,완료,2025-07-31,desktop,card,N,0,0,2,N
O00235,U0240,식품,57000,완료,2025-07-25,desktop,naver_pay,N,0,0,2,N
O00236,U0381,홈리빙,269000,완료,2025-07-26,mobile,card,N,0,0,1,Y
O00237,U0010,전자기기,340000,완료,2025-07-24,desktop,kakao_pay,Y,20,0,3,N
O00238,U0005,뷰티,31000,완료,2025-07-25,mobile,naver_pay,N,0,0,2,N
O00239,U0061,패션,128000,취소,2025-07-23,mobile,naver_pay,N,0,0,1,N
O00240,U0364,뷰티,121000,완료,2025-07-02,mobile,card,N,0,0,3,N
O00241,U0130,전자기기,114000,완료,2025-07-21,mobile,kakao_pay,Y,5,0,4,Y
O00242,U0496,전자기기,144000,완료,2025-07-09,mobile,card,N,0,0,2,Y
O00243,U0478,식품,116000,완료,2025-07-10,mobile,naver_pay,Y,5,0,2,N
O00244,U0235,홈리빙,85000,완료,2025-07-22,mobile,card,N,0,0,1,N
O00245,U0006,뷰티,54000,취소,2025-07-20,mobile,naver_pay,N,0,0,3,N
O00246,U0177,뷰티,59000,완료,2025-07-02,mobile,naver_pay,N,0,0,1,Y
O00247,U0289,홈리빙,86000,완료,2025-07-20,tablet,card,N,0,0,3,N
O00248,U0164,식품,39000,반품,2025-07-29,mobile,card,N,0,3000,2,N
O00249,U0439,홈리빙,303000,취소,2025-07-03,mobile,naver_pay,N,0,0,3,N
O00250,U0241,뷰티,109000,반품,2025-07-31,desktop,card,Y,10,0,1,N
O00251,U0281,식품,91000,완료,2025-07-06,mobile,kakao_pay,Y,20,0,1,N
O00252,U0219,뷰티,60000,완료,2025-07-07,mobile,card,N,0,0,3,Y
O00253,U0293,전자기기,269000,반품,2025-07-08,desktop,card,N,0,0,5,Y
O00254,U0140,패션,64000,완료,2025-07-30,mobile,naver_pay,N,0,0,2,N
O00255,U0067,홈리빙,308000,완료,2025-07-12,mobile,card,N,0,0,4,N
O00256,U0313,홈리빙,282000,완료,2025-07-10,mobile,card,N,0,0,3,N
O00257,U0154,전자기기,361000,취소,2025-07-22,mobile,toss_pay,Y,10,0,3,Y
O00258,U0495,식품,31000,완료,2025-07-20,mobile,naver_pay,N,0,3000,4,N
O00259,U0273,식품,44000,완료,2025-07-24,desktop,naver_pay,N,0,0,2,Y
O00260,U0363,패션,47000,반품,2025-07-06,desktop,card,Y,7,3000,4,N
O00261,U0322,전자기기,189000,완료,2025-07-08,mobile,card,Y,15,0,3,Y
O00262,U0230,뷰티,99000,완료,2025-07-04,mobile,card,Y,5,0,1,N
O00263,U0413,식품,23000,완료,2025-07-31,mobile,toss_pay,Y,5,3000,5,N
O00264,U0005,식품,102000,완료,2025-07-19,mobile,card,N,0,0,5,N
O00265,U0448,식품,62000,완료,2025-07-01,desktop,naver_pay,Y,15,0,1,Y
O00266,U0413,전자기기,269000,완료,2025-07-08,mobile,toss_pay,N,0,0,1,N
O00267,U0211,전자기기,203000,취소,2025-07-29,mobile,toss_pay,N,0,0,5,N
O00268,U0060,전자기기,162000,완료,2025-07-12,mobile,kakao_pay,N,0,0,1,Y
O00269,U0469,홈리빙,165000,취소,2025-07-05,mobile,card,Y,15,0,3,Y
O00270,U0448,식품,45000,완료,2025-07-26,mobile,kakao_pay,N,0,3000,2,Y
O00271,U0459,식품,109000,완료,2025-07-13,desktop,card,N,0,0,2,Y
O00272,U0226,식품,101000,반품,2025-07-11,tablet,card,Y,12,0,1,Y
O00273,U0498,전자기기,226000,완료,2025-07-21,desktop,card,N,0,0,5,N
O00274,U0159,식품,42000,완료,2025-07-13,mobile,kakao_pay,Y,12,3000,2,N
O00275,U0041,식품,96000,완료,2025-07-01,mobile,card,N,0,0,2,Y
O00276,U0100,홈리빙,137000,완료,2025-07-28,mobile,card,Y,5,0,5,Y
O00277,U0434,식품,34000,완료,2025-07-08,tablet,toss_pay,N,0,0,5,N
O00278,U0028,전자기기,320000,반품,2025-07-23,desktop,kakao_pay,Y,5,0,1,Y
O00279,U0055,뷰티,82000,완료,2025-07-01,mobile,card,Y,7,0,1,Y
O00280,U0281,식품,37000,완료,2025-07-24,desktop,naver_pay,N,0,0,3,N
O00281,U0162,식품,45000,완료,2025-07-13,mobile,naver_pay,Y,20,3000,1,Y
O00282,U0415,식품,69000,취소,2025-07-08,desktop,kakao_pay,N,0,0,4,Y
O00283,U0210,전자기기,271000,반품,2025-07-02,mobile,card,N,0,0,3,Y
O00284,U0103,전자기기,280000,취소,2025-07-21,desktop,kakao_pay,N,0,0,2,N
O00285,U0319,식품,100000,완료,2025-07-12,mobile,card,N,0,0,1,N
O00286,U0300,홈리빙,101000,완료,2025-07-30,mobile,kakao_pay,N,0,0,5,N
O00287,U0145,뷰티,23000,완료,2025-07-02,mobile,kakao_pay,Y,15,3000,1,N
O00288,U0147,홈리빙,115000,완료,2025-07-24,mobile,card,Y,12,0,3,Y
O00289,U0172,전자기기,229000,취소,2025-07-05,mobile,kakao_pay,N,0,0,5,Y
O00290,U0010,식품,111000,완료,2025-07-03,mobile,kakao_pay,Y,7,0,4,N
O00291,U0483,패션,131000,완료,2025-07-24,mobile,toss_pay,Y,20,0,3,N
O00292,U0303,뷰티,66000,취소,2025-07-02,mobile,bank_transfer,Y,10,0,3,N
O00293,U0446,식품,39000,완료,2025-07-04,mobile,card,N,0,3000,3,Y
O00294,U0403,전자기기,277000,취소,2025-07-15,desktop,card,N,0,0,1,Y
O00295,U0146,홈리빙,101000,완료,2025-07-09,mobile,naver_pay,Y,5,0,3,N
O00296,U0498,홈리빙,131000,취소,2025-07-02,tablet,toss_pay,N,0,0,3,N
O00297,U0174,패션,120000,완료,2025-07-31,mobile,kakao_pay,N,0,0,3,N
O00298,U0146,전자기기,254000,완료,2025-07-02,tablet,card,N,0,0,4,N
O00299,U0368,패션,24000,반품,2025-07-08,mobile,card,N,0,3000,1,Y
O00300,U0189,패션,96000,완료,2025-07-06,desktop,kakao_pay,N,0,0,1,N
O00301,U0365,홈리빙,208000,반품,2025-07-16,mobile,card,Y,10,0,3,Y
O00302,U0101,식품,60000,완료,2025-07-11,tablet,card,N,0,0,2,N
O00303,U0281,홈리빙,57000,취소,2025-07-02,desktop,toss_pay,N,0,0,2,N
O00304,U0101,전자기기,248000,취소,2025-07-03,mobile,card,Y,7,0,3,N
O00305,U0140,식품,66000,취소,2025-07-29,mobile,bank_transfer,N,0,0,1,N
O00306,U0455,패션,57000,취소,2025-07-06,mobile,kakao_pay,Y,12,0,5,Y
O00307,U0487,패션,112000,반품,2025-07-03,mobile,toss_pay,N,0,0,2,Y
O00308,U0361,뷰티,91000,완료,2025-07-11,desktop,bank_transfer,N,0,0,4,N
O00309,U0006,홈리빙,142000,반품,2025-07-15,mobile,kakao_pay,Y,20,0,1,N
O00310,U0478,홈리빙,173000,완료,2025-07-14,mobile,naver_pay,N,0,0,2,N
O00311,U0349,식품,40000,완료,2025-07-12,tablet,kakao_pay,Y,7,0,5,N
O00312,U0008,홈리빙,243000,완료,2025-07-12,mobile,kakao_pay,N,0,0,3,Y
O00313,U0169,뷰티,105000,완료,2025-07-20,mobile,card,Y,7,0,3,Y
O00314,U0081,패션,127000,완료,2025-07-04,mobile,naver_pay,N,0,0,5,Y
O00315,U0499,식품,79000,완료,2025-07-20,mobile,kakao_pay,N,0,0,5,Y
O00316,U0470,전자기기,286000,완료,2025-07-15,desktop,card,Y,10,0,5,N
O00317,U0273,전자기기,426000,취소,2025-07-26,mobile,bank_transfer,Y,12,0,4,Y
O00318,U0368,전자기기,202000,완료,2025-07-30,mobile,bank_transfer,Y,20,0,5,Y
O00319,U0203,패션,89000,반품,2025-07-27,desktop,bank_transfer,Y,7,0,3,Y
O00320,U0368,패션,112000,완료,2025-07-21,mobile,card,N,0,0,3,Y
O00321,U0192,전자기기,250000,반품,2025-07-29,mobile,naver_pay,N,0,0,3,Y
O00322,U0150,전자기기,322000,완료,2025-07-25,mobile,naver_pay,Y,5,0,5,Y
O00323,U0310,패션,202000,완료,2025-07-19,mobile,card,Y,5,0,5,Y
O00324,U0075,뷰티,154000,완료,2025-07-21,mobile,naver_pay,N,0,0,3,Y
O00325,U0313,패션,182000,완료,2025-07-26,desktop,naver_pay,Y,15,0,5,N
O00326,U0182,패션,45000,완료,2025-07-30,mobile,kakao_pay,Y,5,0,3,N
O00327,U0295,전자기기,392000,완료,2025-07-13,desktop,toss_pay,Y,12,0,2,Y
O00328,U0050,식품,63000,완료,2025-07-21,mobile,card,N,0,0,2,Y
O00329,U0460,식품,16000,완료,2025-07-12,mobile,bank_transfer,Y,15,0,2,Y
O00330,U0242,뷰티,39000,완료,2025-07-17,tablet,card,N,0,0,1,Y
O00331,U0256,전자기기,167000,취소,2025-07-31,mobile,card,Y,10,0,4,Y
O00332,U0066,패션,46000,완료,2025-07-17,mobile,kakao_pay,N,0,3000,3,N
O00333,U0479,홈리빙,87000,완료,2025-07-19,desktop,toss_pay,N,0,0,1,N
O00334,U0397,뷰티,43000,완료,2025-07-27,mobile,kakao_pay,N,0,3000,2,N
O00335,U0150,전자기기,195000,완료,2025-07-31,desktop,kakao_pay,Y,20,0,1,Y
O00336,U0256,뷰티,116000,완료,2025-07-04,tablet,card,N,0,0,1,Y
O00337,U0091,패션,81000,취소,2025-07-04,mobile,card,Y,20,0,2,Y
O00338,U0005,식품,40000,완료,2025-07-20,mobile,card,N,0,0,2,N
O00339,U0101,전자기기,323000,완료,2025-07-29,desktop,naver_pay,N,0,0,3,N
O00340,U0321,식품,101000,완료,2025-07-14,desktop,kakao_pay,Y,5,0,2,N
O00341,U0063,패션,115000,완료,2025-07-19,mobile,naver_pay,Y,5,0,5,N
O00342,U0498,홈리빙,233000,완료,2025-07-01,desktop,card,Y,15,0,4,N
O00343,U0037,전자기기,326000,취소,2025-07-16,mobile,kakao_pay,Y,10,0,2,N
O00344,U0305,패션,94000,취소,2025-07-31,tablet,card,N,0,0,2,N
O00345,U0305,전자기기,106000,완료,2025-07-06,desktop,naver_pay,Y,10,0,2,N
O00346,U0044,식품,101000,완료,2025-07-09,mobile,naver_pay,N,0,0,1,N
O00347,U0442,전자기기,222000,완료,2025-07-23,mobile,bank_transfer,Y,20,0,2,N
O00348,U0085,전자기기,172000,완료,2025-07-21,desktop,toss_pay,N,0,0,3,Y
O00349,U0226,전자기기,285000,완료,2025-07-16,tablet,card,N,0,0,4,Y
O00350,U0106,패션,45000,완료,2025-07-23,desktop,naver_pay,N,0,3000,2,Y
O00351,U0039,홈리빙,37000,완료,2025-07-25,mobile,card,Y,12,0,3,N
O00352,U0264,홈리빙,107000,취소,2025-07-08,mobile,kakao_pay,N,0,0,2,N
O00353,U0465,패션,120000,완료,2025-07-22,mobile,card,Y,12,0,2,Y
O00354,U0144,홈리빙,78000,완료,2025-07-06,desktop,card,N,0,0,3,N
O00355,U0127,패션,80000,완료,2025-07-13,mobile,kakao_pay,Y,15,0,2,Y
O00356,U0253,뷰티,49000,완료,2025-07-13,mobile,toss_pay,Y,20,0,2,Y
O00357,U0089,패션,104000,완료,2025-07-04,mobile,toss_pay,Y,5,0,2,N
O00358,U0027,전자기기,146000,완료,2025-07-13,desktop,naver_pay,Y,7,0,3,N
O00359,U0191,전자기기,316000,취소,2025-07-10,mobile,card,N,0,0,4,Y
O00360,U0352,패션,60000,완료,2025-07-30,mobile,naver_pay,N,0,0,5,Y
O00361,U0346,전자기기,185000,취소,2025-07-14,mobile,card,Y,12,0,3,N
O00362,U0160,전자기기,151000,완료,2025-07-19,desktop,kakao_pay,N,0,0,3,Y
O00363,U0001,홈리빙,52000,완료,2025-07-17,tablet,bank_transfer,Y,20,0,3,Y
O00364,U0083,전자기기,223000,완료,2025-07-09,mobile,naver_pay,N,0,0,3,N
O00365,U0331,패션,162000,완료,2025-07-28,desktop,naver_pay,Y,10,0,5,N
O00366,U0456,뷰티,94000,완료,2025-07-08,mobile,toss_pay,N,0,0,5,Y
O00367,U0328,전자기기,208000,완료,2025-07-03,tablet,card,N,0,0,4,Y
O00368,U0097,홈리빙,295000,완료,2025-07-31,desktop,toss_pay,N,0,0,3,N
O00369,U0438,전자기기,233000,취소,2025-07-07,mobile,toss_pay,Y,15,0,2,Y
O00370,U0019,뷰티,84000,완료,2025-07-12,mobile,toss_pay,N,0,0,5,Y
O00371,U0138,홈리빙,185000,완료,2025-07-18,mobile,toss_pay,N,0,0,3,N
O00372,U0331,패션,155000,완료,2025-07-02,mobile,bank_transfer,Y,5,0,1,N
O00373,U0245,전자기기,365000,완료,2025-07-17,mobile,card,Y,7,0,5,N
O00374,U0332,식품,29000,완료,2025-07-02,mobile,kakao_pay,Y,20,0,2,Y
O00375,U0236,패션,123000,반품,2025-07-30,tablet,card,N,0,0,2,N
O00376,U0140,패션,130000,완료,2025-07-05,mobile,naver_pay,Y,15,0,2,N
O00377,U0205,전자기기,221000,완료,2025-07-29,mobile,card,N,0,0,5,Y
O00378,U0416,전자기기,317000,완료,2025-07-14,desktop,card,N,0,0,2,Y
O00379,U0234,홈리빙,263000,완료,2025-07-26,mobile,card,Y,12,0,2,N
O00380,U0114,뷰티,76000,완료,2025-07-05,mobile,naver_pay,N,0,0,3,Y
O00381,U0197,전자기기,383000,취소,2025-07-21,mobile,card,N,0,0,5,N
O00382,U0055,뷰티,79000,취소,2025-07-22,desktop,card,N,0,0,3,Y
O00383,U0255,식품,65000,완료,2025-07-21,tablet,card,N,0,0,4,Y
O00384,U0428,패션,228000,완료,2025-07-01,mobile,card,Y,12,0,1,Y
O00385,U0075,홈리빙,95000,완료,2025-07-30,desktop,kakao_pay,Y,5,0,1,Y
O00386,U0064,패션,160000,반품,2025-07-15,mobile,bank_transfer,N,0,0,4,N
O00387,U0430,뷰티,87000,완료,2025-07-23,mobile,card,Y,20,0,4,N
O00388,U0272,패션,128000,완료,2025-07-13,mobile,naver_pay,N,0,0,3,N
O00389,U0349,전자기기,249000,완료,2025-07-10,mobile,card,Y,12,0,3,N
O00390,U0015,뷰티,65000,완료,2025-07-15,mobile,card,N,0,0,4,Y
O00391,U0133,홈리빙,238000,완료,2025-07-17,mobile,naver_pay,N,0,0,3,Y
O00392,U0032,뷰티,98000,완료,2025-07-25,desktop,card,Y,20,0,5,N
O00393,U0328,홈리빙,232000,완료,2025-07-19,tablet,kakao_pay,N,0,0,2,Y
O00394,U0353,뷰티,48000,완료,2025-07-13,mobile,kakao_pay,N,0,3000,5,N
O00395,U0036,전자기기,204000,취소,2025-07-25,mobile,naver_pay,N,0,0,2,Y
O00396,U0109,식품,98000,취소,2025-07-30,desktop,card,Y,7,0,3,N
O00397,U0033,뷰티,120000,완료,2025-07-11,mobile,bank_transfer,Y,10,0,2,N
O00398,U0056,패션,123000,완료,2025-07-10,mobile,kakao_pay,N,0,0,4,Y
O00399,U0106,식품,67000,완료,2025-07-04,mobile,card,N,0,0,4,Y
O00400,U0100,식품,51000,취소,2025-07-24,desktop,card,Y,15,0,4,Y
O00401,U0483,식품,38000,완료,2025-07-05,mobile,card,Y,12,3000,5,N
O00402,U0401,패션,175000,완료,2025-07-04,mobile,kakao_pay,N,0,0,1,Y
O00403,U0251,전자기기,118000,완료,2025-07-23,mobile,bank_transfer,N,0,0,3,Y
O00404,U0173,홈리빙,102000,완료,2025-07-17,mobile,kakao_pay,N,0,0,3,N
O00405,U0146,뷰티,129000,완료,2025-07-01,tablet,toss_pay,N,0,0,4,N
O00406,U0014,패션,179000,완료,2025-07-22,mobile,naver_pay,Y,7,0,5,N
O00407,U0461,전자기기,354000,완료,2025-07-02,mobile,bank_transfer,N,0,0,5,N
O00408,U0165,전자기기,331000,완료,2025-07-09,desktop,kakao_pay,N,0,0,2,N
O00409,U0361,전자기기,203000,완료,2025-07-01,mobile,bank_transfer,Y,12,0,2,N
O00410,U0471,전자기기,194000,취소,2025-07-18,mobile,naver_pay,N,0,0,1,N
O00411,U0241,패션,52000,완료,2025-07-29,mobile,card,N,0,0,1,N
O00412,U0305,홈리빙,112000,완료,2025-07-08,mobile,card,N,0,0,1,N
O00413,U0202,식품,67000,완료,2025-07-03,desktop,card,Y,5,0,1,Y
O00414,U0029,패션,75000,완료,2025-07-20,desktop,toss_pay,N,0,0,2,Y
O00415,U0195,뷰티,30000,완료,2025-07-08,mobile,naver_pay,N,0,3000,5,Y
O00416,U0224,패션,109000,완료,2025-07-23,mobile,toss_pay,N,0,0,2,Y
O00417,U0270,전자기기,246000,완료,2025-07-27,mobile,card,N,0,0,2,Y
O00418,U0493,패션,63000,취소,2025-07-21,mobile,card,Y,7,0,3,N
O00419,U0380,홈리빙,231000,완료,2025-07-02,mobile,bank_transfer,Y,15,0,1,N
O00420,U0134,뷰티,123000,완료,2025-07-14,mobile,card,Y,5,0,4,N
O00421,U0265,식품,94000,완료,2025-08-30,desktop,naver_pay,N,0,0,2,Y
O00422,U0413,패션,63000,취소,2025-08-26,desktop,kakao_pay,Y,20,0,3,N
O00423,U0364,식품,31000,완료,2025-08-15,tablet,card,Y,20,3000,3,N
O00424,U0210,식품,43000,완료,2025-08-09,mobile,toss_pay,N,0,0,1,Y
O00425,U0399,홈리빙,96000,완료,2025-08-09,mobile,card,N,0,0,3,N
O00426,U0173,식품,101000,완료,2025-08-27,mobile,kakao_pay,N,0,0,2,N
O00427,U0126,전자기기,252000,완료,2025-08-18,tablet,kakao_pay,N,0,0,5,Y
O00428,U0103,전자기기,216000,반품,2025-08-09,mobile,card,N,0,0,2,N
O00429,U0382,패션,52000,반품,2025-08-08,mobile,kakao_pay,N,0,0,1,N
O00430,U0061,전자기기,376000,취소,2025-08-31,mobile,naver_pay,N,0,0,1,N
O00431,U0355,패션,130000,완료,2025-08-08,mobile,naver_pay,N,0,0,3,N
O00432,U0167,전자기기,268000,완료,2025-08-14,mobile,bank_transfer,Y,10,0,4,Y
O00433,U0037,패션,31000,완료,2025-08-16,mobile,toss_pay,N,0,3000,2,N
O00434,U0478,패션,82000,완료,2025-08-07,desktop,card,Y,7,0,3,N
O00435,U0404,뷰티,72000,취소,2025-08-19,mobile,card,N,0,0,5,N
O00436,U0014,식품,153000,완료,2025-08-17,tablet,toss_pay,Y,5,0,3,N
O00437,U0500,뷰티,76000,취소,2025-08-17,desktop,kakao_pay,Y,15,0,4,N
O00438,U0261,패션,113000,완료,2025-08-08,mobile,naver_pay,N,0,0,2,N
O00439,U0230,식품,42000,완료,2025-08-03,desktop,card,N,0,3000,3,N
O00440,U0463,식품,59000,완료,2025-08-08,desktop,toss_pay,Y,15,0,3,Y
O00441,U0388,패션,54000,완료,2025-08-14,mobile,card,Y,10,0,3,Y
O00442,U0254,전자기기,386000,완료,2025-08-14,desktop,card,Y,7,0,1,N
O00443,U0125,뷰티,102000,반품,2025-08-03,desktop,card,Y,5,0,2,N
O00444,U0066,홈리빙,259000,취소,2025-08-04,desktop,card,Y,12,0,2,N
O00445,U0162,식품,75000,완료,2025-08-31,mobile,naver_pay,Y,20,0,2,Y
O00446,U0228,패션,164000,완료,2025-08-25,desktop,naver_pay,Y,12,0,4,Y
O00447,U0291,식품,35000,완료,2025-08-06,mobile,naver_pay,Y,15,3000,3,Y
O00448,U0254,뷰티,32000,반품,2025-08-28,mobile,kakao_pay,Y,10,3000,3,N
O00449,U0470,패션,146000,완료,2025-08-07,mobile,toss_pay,N,0,0,4,N
O00450,U0214,패션,75000,반품,2025-08-08,mobile,card,Y,7,0,3,Y
O00451,U0442,패션,227000,반품,2025-08-04,tablet,naver_pay,N,0,0,2,N
O00452,U0101,식품,20000,완료,2025-08-16,tablet,kakao_pay,N,0,3000,1,N
O00453,U0415,전자기기,420000,완료,2025-08-15,desktop,kakao_pay,N,0,0,5,Y
O00454,U0140,전자기기,369000,취소,2025-08-05,mobile,card,N,0,0,5,N
O00455,U0498,식품,51000,완료,2025-08-11,desktop,card,Y,7,0,3,N
O00456,U0132,뷰티,107000,완료,2025-08-04,mobile,toss_pay,N,0,0,3,Y
O00457,U0472,식품,106000,완료,2025-08-21,desktop,card,N,0,0,4,Y
O00458,U0005,전자기기,421000,완료,2025-08-06,mobile,card,N,0,0,5,N
O00459,U0366,패션,175000,완료,2025-08-14,desktop,naver_pay,N,0,0,1,N
O00460,U0036,뷰티,41000,완료,2025-08-16,mobile,naver_pay,Y,10,0,2,Y
O00461,U0265,홈리빙,233000,취소,2025-08-13,mobile,kakao_pay,N,0,0,4,Y
O00462,U0296,뷰티,44000,완료,2025-08-11,desktop,naver_pay,N,0,3000,3,N
O00463,U0117,패션,206000,완료,2025-08-25,mobile,card,N,0,0,2,N
O00464,U0441,홈리빙,164000,취소,2025-08-29,mobile,card,N,0,0,2,Y
O00465,U0427,패션,77000,완료,2025-08-13,mobile,bank_transfer,N,0,0,3,Y
O00466,U0123,전자기기,201000,완료,2025-08-19,mobile,kakao_pay,N,0,0,2,N
O00467,U0438,뷰티,34000,취소,2025-08-01,mobile,card,N,0,3000,4,Y
O00468,U0401,전자기기,402000,취소,2025-08-07,mobile,naver_pay,N,0,0,3,Y
O00469,U0173,패션,106000,완료,2025-08-11,mobile,bank_transfer,N,0,0,2,N
O00470,U0202,뷰티,18000,완료,2025-08-16,desktop,kakao_pay,N,0,3000,5,Y
O00471,U0020,패션,122000,완료,2025-08-26,mobile,naver_pay,N,0,0,5,Y
O00472,U0182,패션,176000,반품,2025-08-25,mobile,kakao_pay,N,0,0,4,N
O00473,U0365,전자기기,276000,취소,2025-08-07,mobile,kakao_pay,N,0,0,3,Y
O00474,U0414,홈리빙,127000,취소,2025-08-09,mobile,kakao_pay,N,0,0,1,Y
O00475,U0489,뷰티,64000,완료,2025-08-18,mobile,kakao_pay,Y,12,0,4,Y
O00476,U0254,패션,140000,반품,2025-08-08,desktop,naver_pay,N,0,0,3,N
O00477,U0284,전자기기,254000,취소,2025-08-26,mobile,card,N,0,0,2,N
O00478,U0312,전자기기,198000,완료,2025-08-20,mobile,card,N,0,0,3,N
O00479,U0419,뷰티,105000,취소,2025-08-27,mobile,card,Y,12,0,2,Y
O00480,U0073,패션,88000,완료,2025-08-18,mobile,kakao_pay,Y,20,0,3,N
O00481,U0252,홈리빙,135000,완료,2025-08-03,mobile,naver_pay,N,0,0,4,N
O00482,U0468,패션,52000,완료,2025-08-28,desktop,card,Y,15,0,3,Y
O00483,U0490,전자기기,187000,완료,2025-08-14,mobile,naver_pay,N,0,0,3,N
O00484,U0196,패션,73000,완료,2025-08-29,desktop,kakao_pay,N,0,0,3,Y
O00485,U0177,식품,66000,완료,2025-08-09,tablet,card,Y,15,0,3,Y
O00486,U0235,패션,144000,완료,2025-08-27,tablet,card,N,0,0,4,N
O00487,U0237,패션,97000,완료,2025-08-23,mobile,naver_pay,N,0,0,2,Y
O00488,U0046,패션,121000,완료,2025-08-12,mobile,naver_pay,N,0,0,2,Y
O00489,U0311,홈리빙,225000,완료,2025-08-25,mobile,card,N,0,0,3,Y
O00490,U0197,패션,127000,완료,2025-08-09,mobile,card,Y,7,0,2,N
O00491,U0280,전자기기,303000,완료,2025-08-31,desktop,kakao_pay,Y,15,0,2,Y
O00492,U0404,홈리빙,137000,완료,2025-08-20,tablet,card,Y,7,0,5,N
O00493,U0073,전자기기,227000,취소,2025-08-14,mobile,kakao_pay,N,0,0,3,N
O00494,U0331,패션,50000,완료,2025-08-12,mobile,card,N,0,0,3,N
O00495,U0145,뷰티,127000,완료,2025-08-09,tablet,toss_pay,N,0,0,5,N
O00496,U0354,식품,63000,완료,2025-08-21,desktop,kakao_pay,N,0,0,3,Y
O00497,U0166,전자기기,258000,완료,2025-08-29,desktop,card,N,0,0,3,Y
O00498,U0500,홈리빙,84000,완료,2025-08-07,mobile,kakao_pay,N,0,0,3,N
O00499,U0003,패션,83000,완료,2025-08-21,mobile,card,Y,5,0,2,N
O00500,U0240,전자기기,210000,취소,2025-08-23,tablet,bank_transfer,N,0,0,5,N
O00501,U0470,홈리빙,140000,완료,2025-08-04,desktop,naver_pay,N,0,0,5,N
O00502,U0017,전자기기,181000,취소,2025-08-27,desktop,card,N,0,0,3,N
O00503,U0424,전자기기,144000,취소,2025-08-20,mobile,bank_transfer,Y,15,0,4,Y
O00504,U0366,패션,183000,취소,2025-08-31,mobile,toss_pay,N,0,0,4,N
O00505,U0175,전자기기,247000,취소,2025-08-17,mobile,card,N,0,0,5,N
O00506,U0073,패션,37000,완료,2025-08-27,desktop,card,N,0,3000,5,N
O00507,U0477,패션,51000,완료,2025-08-03,desktop,card,N,0,0,3,Y
O00508,U0062,전자기기,191000,취소,2025-08-01,tablet,naver_pay,N,0,0,5,Y
O00509,U0103,패션,139000,완료,2025-08-24,mobile,toss_pay,Y,20,0,2,N
O00510,U0376,전자기기,320000,완료,2025-08-07,mobile,card,Y,7,0,5,N
O00511,U0129,패션,69000,반품,2025-08-12,mobile,card,N,0,0,2,Y
O00512,U0386,뷰티,94000,취소,2025-08-23,mobile,kakao_pay,Y,15,0,2,Y
O00513,U0215,식품,45000,완료,2025-08-25,mobile,naver_pay,Y,15,0,3,N
O00514,U0101,패션,191000,완료,2025-08-19,mobile,kakao_pay,N,0,0,3,N
O00515,U0152,뷰티,131000,완료,2025-08-06,mobile,bank_transfer,Y,5,0,1,Y
O00516,U0209,패션,48000,취소,2025-08-15,mobile,kakao_pay,N,0,0,1,Y
O00517,U0405,패션,92000,완료,2025-08-16,mobile,card,Y,7,0,2,Y
O00518,U0340,패션,176000,반품,2025-08-14,desktop,kakao_pay,N,0,0,3,Y
O00519,U0387,홈리빙,45000,완료,2025-08-07,tablet,toss_pay,N,0,3000,3,N
O00520,U0482,뷰티,91000,완료,2025-08-25,mobile,card,N,0,0,5,N
O00521,U0071,패션,95000,완료,2025-08-03,mobile,card,N,0,0,2,Y
O00522,U0093,홈리빙,196000,완료,2025-08-06,desktop,card,Y,15,0,3,N
O00523,U0165,뷰티,95000,완료,2025-08-08,mobile,bank_transfer,N,0,0,4,N
O00524,U0380,전자기기,339000,완료,2025-08-28,desktop,bank_transfer,Y,10,0,4,N
O00525,U0210,패션,99000,완료,2025-08-06,mobile,card,N,0,0,3,Y
O00526,U0382,패션,161000,완료,2025-08-08,desktop,toss_pay,N,0,0,4,N
O00527,U0070,전자기기,251000,완료,2025-08-13,mobile,card,Y,20,0,2,Y
O00528,U0338,뷰티,147000,완료,2025-08-26,desktop,bank_transfer,Y,12,0,3,Y
O00529,U0040,식품,109000,완료,2025-08-17,mobile,card,N,0,0,3,Y
O00530,U0186,패션,207000,완료,2025-08-04,mobile,card,Y,5,0,4,Y
O00531,U0300,식품,52000,완료,2025-08-04,mobile,kakao_pay,N,0,0,2,N
O00532,U0394,홈리빙,120000,완료,2025-08-19,mobile,card,N,0,0,4,N
O00533,U0123,뷰티,125000,완료,2025-08-16,mobile,card,N,0,0,5,N
O00534,U0230,전자기기,237000,취소,2025-08-18,desktop,naver_pay,N,0,0,1,N
O00535,U0127,패션,93000,완료,2025-08-18,mobile,card,Y,5,0,1,Y
O00536,U0367,패션,47000,완료,2025-08-23,mobile,kakao_pay,N,0,0,3,N
O00537,U0305,홈리빙,273000,취소,2025-08-12,mobile,card,N,0,0,2,N
O00538,U0017,뷰티,113000,취소,2025-08-24,tablet,card,Y,15,0,4,N
O00539,U0140,패션,144000,완료,2025-08-31,desktop,card,N,0,0,3,N
O00540,U0062,패션,74000,완료,2025-08-02,desktop,card,N,0,0,5,Y
O00541,U0180,뷰티,65000,취소,2025-08-02,desktop,card,N,0,0,4,Y
O00542,U0301,홈리빙,100000,완료,2025-08-09,desktop,naver_pay,Y,5,0,2,Y
O00543,U0231,식품,30000,완료,2025-08-20,mobile,card,Y,20,0,4,Y
O00544,U0413,뷰티,54000,완료,2025-08-27,mobile,card,Y,15,0,2,N
O00545,U0224,뷰티,43000,취소,2025-08-19,desktop,card,N,0,0,5,Y
O00546,U0488,뷰티,56000,완료,2025-08-15,mobile,card,Y,15,0,2,N
O00547,U0337,전자기기,185000,취소,2025-08-10,mobile,naver_pay,Y,12,0,5,N
O00548,U0276,뷰티,136000,완료,2025-08-07,tablet,card,Y,15,0,3,Y
O00549,U0101,전자기기,378000,완료,2025-08-14,tablet,toss_pay,N,0,0,3,N
O00550,U0169,패션,71000,반품,2025-08-31,mobile,naver_pay,N,0,0,4,Y
O00551,U0313,뷰티,75000,완료,2025-08-30,mobile,kakao_pay,Y,12,0,5,N
O00552,U0228,홈리빙,102000,완료,2025-08-22,mobile,kakao_pay,N,0,0,2,Y
O00553,U0459,패션,216000,취소,2025-08-20,mobile,card,Y,20,0,3,Y
O00554,U0254,전자기기,245000,완료,2025-08-22,mobile,kakao_pay,Y,15,0,3,N
O00555,U0045,패션,178000,취소,2025-08-30,mobile,bank_transfer,N,0,0,5,Y
O00556,U0080,패션,58000,반품,2025-08-03,tablet,card,N,0,0,2,Y
O00557,U0449,패션,67000,완료,2025-08-17,tablet,naver_pay,N,0,0,3,Y
O00558,U0319,식품,111000,취소,2025-08-01,mobile,naver_pay,N,0,0,1,N
O00559,U0372,식품,66000,완료,2025-08-29,mobile,naver_pay,N,0,0,2,N
O00560,U0356,전자기기,303000,취소,2025-08-02,mobile,kakao_pay,N,0,0,4,Y
O00561,U0139,패션,148000,반품,2025-08-14,tablet,naver_pay,Y,20,0,3,Y
O00562,U0395,전자기기,337000,취소,2025-08-14,desktop,naver_pay,N,0,0,2,N
O00563,U0326,전자기기,262000,완료,2025-08-16,mobile,card,Y,10,0,4,Y
O00564,U0375,식품,84000,완료,2025-08-02,desktop,kakao_pay,Y,12,0,3,Y
O00565,U0380,전자기기,201000,완료,2025-08-06,desktop,card,Y,10,0,4,N
O00566,U0281,패션,129000,취소,2025-08-13,mobile,kakao_pay,Y,20,0,5,N
O00567,U0123,패션,114000,반품,2025-08-28,mobile,naver_pay,Y,5,0,4,N
O00568,U0499,패션,58000,완료,2025-08-12,mobile,kakao_pay,Y,7,0,3,Y
O00569,U0182,홈리빙,244000,완료,2025-08-31,mobile,card,N,0,0,4,N
O00570,U0034,패션,55000,완료,2025-08-12,desktop,card,N,0,0,2,Y
O00571,U0251,뷰티,18000,완료,2025-08-07,desktop,naver_pay,N,0,3000,4,Y
O00572,U0174,전자기기,427000,취소,2025-08-24,mobile,toss_pay,N,0,0,5,N
O00573,U0269,전자기기,254000,취소,2025-08-23,mobile,naver_pay,N,0,0,2,N
O00574,U0474,홈리빙,194000,완료,2025-08-07,mobile,card,Y,15,0,4,N
O00575,U0366,홈리빙,75000,취소,2025-08-16,mobile,kakao_pay,Y,7,0,3,N
O00576,U0232,뷰티,53000,취소,2025-08-16,mobile,card,N,0,0,1,Y
O00577,U0097,뷰티,70000,완료,2025-08-24,mobile,bank_transfer,N,0,0,1,N
O00578,U0443,식품,100000,완료,2025-08-14,mobile,card,N,0,0,5,N
O00579,U0299,뷰티,72000,완료,2025-08-18,tablet,card,N,0,0,5,Y
O00580,U0118,패션,75000,완료,2025-08-01,tablet,toss_pay,N,0,0,3,Y
O00581,U0151,홈리빙,81000,완료,2025-08-15,desktop,card,Y,12,0,5,N
O00582,U0164,식품,38000,취소,2025-08-16,mobile,kakao_pay,Y,7,0,3,N
O00583,U0052,패션,112000,완료,2025-08-28,mobile,card,Y,7,0,2,Y
O00584,U0078,식품,65000,완료,2025-08-09,mobile,card,N,0,0,4,N
O00585,U0108,패션,164000,반품,2025-08-11,mobile,card,Y,10,0,4,Y
O00586,U0228,패션,89000,완료,2025-08-21,mobile,toss_pay,N,0,0,2,Y
O00587,U0403,홈리빙,41000,취소,2025-08-01,mobile,naver_pay,N,0,0,2,Y
O00588,U0151,식품,70000,완료,2025-08-04,mobile,kakao_pay,Y,7,0,2,N
O00589,U0038,전자기기,420000,취소,2025-08-22,tablet,toss_pay,N,0,0,5,N
O00590,U0189,홈리빙,96000,완료,2025-08-21,mobile,card,N,0,0,1,N
O00591,U0164,뷰티,50000,완료,2025-08-24,desktop,card,N,0,0,5,N
O00592,U0203,전자기기,221000,완료,2025-08-25,mobile,card,Y,5,0,3,Y
O00593,U0329,뷰티,94000,취소,2025-08-11,desktop,naver_pay,Y,5,0,4,Y
O00594,U0483,패션,144000,취소,2025-08-07,mobile,kakao_pay,Y,10,0,2,N
O00595,U0340,식품,92000,완료,2025-08-16,mobile,kakao_pay,Y,5,0,5,Y
O00596,U0399,식품,146000,완료,2025-08-28,mobile,card,Y,15,0,3,N
O00597,U0399,식품,71000,완료,2025-08-25,desktop,kakao_pay,N,0,0,3,N
O00598,U0060,전자기기,372000,완료,2025-08-25,mobile,naver_pay,N,0,0,2,Y
O00599,U0037,식품,61000,완료,2025-08-03,tablet,card,N,0,0,2,N
O00600,U0092,뷰티,108000,완료,2025-08-19,tablet,toss_pay,N,0,0,3,N
O00601,U0140,뷰티,16000,완료,2025-08-18,mobile,card,Y,7,3000,2,N
O00602,U0230,식품,71000,완료,2025-08-05,desktop,card,Y,20,0,5,N
O00603,U0101,전자기기,291000,완료,2025-08-11,desktop,kakao_pay,N,0,0,1,N
O00604,U0435,홈리빙,88000,완료,2025-08-12,mobile,toss_pay,Y,10,0,5,N
O00605,U0011,홈리빙,73000,반품,2025-08-24,mobile,bank_transfer,N,0,0,5,N
O00606,U0101,전자기기,195000,완료,2025-08-17,mobile,card,N,0,0,2,N
O00607,U0462,식품,93000,완료,2025-08-14,desktop,card,Y,12,0,2,Y
O00608,U0095,홈리빙,115000,취소,2025-08-26,tablet,card,Y,5,0,3,N
O00609,U0208,홈리빙,115000,완료,2025-08-08,mobile,bank_transfer,Y,5,0,2,Y
O00610,U0500,전자기기,241000,취소,2025-08-29,tablet,card,N,0,0,4,N
O00611,U0153,전자기기,281000,완료,2025-08-02,mobile,kakao_pay,Y,7,0,1,Y
O00612,U0295,패션,73000,취소,2025-08-30,desktop,card,N,0,0,2,Y
O00613,U0261,전자기기,309000,취소,2025-08-10,desktop,card,Y,5,0,2,N
O00614,U0197,패션,120000,반품,2025-08-24,mobile,toss_pay,Y,5,0,1,N
O00615,U0436,홈리빙,118000,완료,2025-08-12,mobile,card,N,0,0,1,Y
O00616,U0451,전자기기,166000,반품,2025-08-15,tablet,bank_transfer,N,0,0,3,Y
O00617,U0068,뷰티,52000,완료,2025-08-18,desktop,card,N,0,0,4,Y
O00618,U0174,뷰티,69000,완료,2025-08-17,desktop,card,N,0,0,2,N
O00619,U0066,홈리빙,63000,완료,2025-08-08,mobile,kakao_pay,Y,12,0,2,N
O00620,U0119,식품,87000,완료,2025-08-25,mobile,kakao_pay,N,0,0,2,Y
O00621,U0453,패션,55000,완료,2025-08-13,desktop,naver_pay,N,0,0,5,Y
O00622,U0313,식품,17000,반품,2025-08-19,desktop,card,N,0,3000,1,N
O00623,U0240,홈리빙,244000,완료,2025-08-20,mobile,toss_pay,N,0,0,3,N
O00624,U0125,패션,126000,취소,2025-08-09,mobile,toss_pay,N,0,0,2,N
O00625,U0164,홈리빙,134000,취소,2025-08-12,desktop,card,Y,10,0,5,N
O00626,U0211,전자기기,159000,완료,2025-08-10,desktop,card,N,0,0,4,N
O00627,U0066,패션,109000,완료,2025-08-13,tablet,toss_pay,N,0,0,2,N
O00628,U0412,홈리빙,77000,완료,2025-08-12,desktop,card,N,0,0,4,Y
O00629,U0263,식품,67000,완료,2025-08-06,mobile,card,Y,15,0,3,Y
O00630,U0180,전자기기,300000,완료,2025-08-18,desktop,naver_pay,N,0,0,2,Y
O00631,U0478,뷰티,49000,취소,2025-08-29,tablet,card,N,0,3000,3,N
O00632,U0239,패션,74000,취소,2025-08-20,mobile,card,Y,20,0,4,N
O00633,U0294,전자기기,177000,취소,2025-08-13,mobile,toss_pay,N,0,0,2,N
O00634,U0394,식품,38000,완료,2025-08-04,mobile,toss_pay,N,0,0,3,N
O00635,U0363,뷰티,43000,완료,2025-08-17,desktop,card,Y,10,0,2,N
O00636,U0052,뷰티,90000,완료,2025-08-03,mobile,kakao_pay,Y,5,0,2,Y
O00637,U0440,식품,112000,완료,2025-08-04,mobile,bank_transfer,N,0,0,2,Y
O00638,U0309,패션,136000,완료,2025-08-04,mobile,card,N,0,0,3,Y
O00639,U0044,식품,110000,취소,2025-08-14,mobile,naver_pay,Y,20,0,3,N
O00640,U0029,전자기기,368000,취소,2025-08-14,desktop,naver_pay,N,0,0,2,Y
O00641,U0333,패션,26000,완료,2025-08-22,mobile,kakao_pay,N,0,0,3,Y
O00642,U0127,홈리빙,140000,취소,2025-08-30,mobile,kakao_pay,N,0,0,5,Y
O00643,U0333,전자기기,367000,완료,2025-08-08,mobile,card,N,0,0,5,Y
O00644,U0173,식품,57000,취소,2025-08-28,mobile,naver_pay,Y,20,0,3,N
O00645,U0230,홈리빙,122000,완료,2025-08-07,desktop,kakao_pay,N,0,0,1,N
O00646,U0281,전자기기,161000,반품,2025-08-29,desktop,naver_pay,N,0,0,5,N
O00647,U0121,식품,138000,완료,2025-08-21,desktop,card,Y,12,0,4,Y
O00648,U0125,식품,95000,완료,2025-08-25,mobile,card,N,0,0,2,N
O00649,U0409,홈리빙,110000,취소,2025-08-11,desktop,bank_transfer,N,0,0,2,Y
O00650,U0413,전자기기,301000,취소,2025-08-09,mobile,naver_pay,Y,12,0,2,N
O00651,U0430,뷰티,65000,완료,2025-08-07,tablet,card,Y,7,0,1,N
O00652,U0287,홈리빙,155000,완료,2025-08-03,mobile,card,N,0,0,4,Y
O00653,U0098,전자기기,384000,취소,2025-08-13,mobile,card,Y,10,0,2,N
O00654,U0067,패션,142000,반품,2025-08-11,desktop,kakao_pay,N,0,0,1,N
O00655,U0500,패션,108000,완료,2025-08-23,mobile,kakao_pay,N,0,0,5,N
O00656,U0498,패션,125000,완료,2025-08-20,mobile,toss_pay,Y,5,0,5,N
O00657,U0241,패션,241000,완료,2025-08-19,desktop,kakao_pay,Y,7,0,4,N
O00658,U0444,홈리빙,191000,취소,2025-08-12,desktop,card,N,0,0,2,Y
O00659,U0454,홈리빙,115000,완료,2025-08-08,mobile,bank_transfer,N,0,0,4,Y
O00660,U0398,뷰티,136000,완료,2025-08-26,desktop,kakao_pay,N,0,0,1,Y
O00661,U0413,패션,135000,완료,2025-08-19,desktop,card,N,0,0,2,N
O00662,U0418,뷰티,82000,완료,2025-08-02,mobile,kakao_pay,Y,7,0,4,Y
O00663,U0450,뷰티,28000,완료,2025-08-23,mobile,card,Y,20,3000,1,Y
O00664,U0296,패션,53000,취소,2025-08-10,mobile,kakao_pay,Y,20,0,4,N
O00665,U0158,뷰티,144000,취소,2025-08-01,tablet,kakao_pay,Y,15,0,5,Y
O00666,U0490,전자기기,287000,취소,2025-08-24,mobile,card,N,0,0,3,N
O00667,U0080,패션,150000,반품,2025-08-24,desktop,card,N,0,0,3,Y
O00668,U0063,전자기기,284000,반품,2025-08-16,mobile,card,N,0,0,4,N
O00669,U0070,패션,81000,완료,2025-08-09,desktop,kakao_pay,N,0,0,2,Y
O00670,U0197,패션,122000,반품,2025-08-02,mobile,card,Y,5,0,3,N
O00671,U0497,전자기기,186000,완료,2025-08-10,mobile,card,N,0,0,3,Y
O00672,U0011,홈리빙,240000,완료,2025-08-18,mobile,naver_pay,N,0,0,2,N
O00673,U0103,패션,187000,반품,2025-08-28,mobile,toss_pay,N,0,0,4,N
O00674,U0440,전자기기,359000,완료,2025-08-31,tablet,toss_pay,Y,5,0,5,Y
O00675,U0063,홈리빙,69000,반품,2025-08-16,mobile,card,N,0,0,1,N
O00676,U0096,전자기기,230000,취소,2025-08-15,mobile,bank_transfer,N,0,0,5,Y
O00677,U0478,식품,42000,완료,2025-08-26,mobile,card,Y,12,3000,3,N
O00678,U0423,식품,73000,완료,2025-08-19,mobile,naver_pay,N,0,0,3,N
O00679,U0283,뷰티,76000,완료,2025-08-31,mobile,naver_pay,Y,10,0,2,N
O00680,U0309,패션,99000,완료,2025-08-10,mobile,kakao_pay,N,0,0,3,Y
O00681,U0250,식품,83000,완료,2025-08-24,mobile,card,Y,5,0,3,Y
O00682,U0454,뷰티,101000,완료,2025-08-12,mobile,card,N,0,0,2,Y
O00683,U0486,전자기기,382000,취소,2025-08-22,mobile,card,N,0,0,2,N
O00684,U0349,홈리빙,284000,완료,2025-08-16,desktop,card,N,0,0,2,N
O00685,U0101,식품,122000,완료,2025-08-22,mobile,card,Y,20,0,2,N
O00686,U0407,식품,144000,반품,2025-08-05,mobile,bank_transfer,N,0,0,1,Y
O00687,U0072,패션,177000,취소,2025-08-10,mobile,bank_transfer,N,0,0,4,Y
O00688,U0101,홈리빙,100000,완료,2025-08-27,mobile,card,N,0,0,2,N
O00689,U0455,식품,74000,완료,2025-08-05,mobile,naver_pay,N,0,0,3,Y
O00690,U0331,패션,50000,완료,2025-08-06,mobile,card,N,0,0,2,N
O00691,U0478,패션,194000,취소,2025-08-04,mobile,bank_transfer,Y,15,0,2,N
O00692,U0380,패션,62000,반품,2025-08-16,mobile,kakao_pay,Y,12,0,1,N
O00693,U0240,전자기기,241000,완료,2025-08-12,desktop,card,Y,20,0,3,N
O00694,U0219,전자기기,132000,취소,2025-08-24,desktop,card,N,0,0,2,Y
O00695,U0150,뷰티,55000,반품,2025-08-29,tablet,card,N,0,0,2,Y
O00696,U0320,패션,73000,완료,2025-08-15,mobile,card,Y,7,0,4,Y
O00697,U0011,패션,117000,반품,2025-08-04,mobile,toss_pay,Y,7,0,1,N
O00698,U0344,패션,120000,완료,2025-08-22,mobile,card,Y,10,0,1,Y
O00699,U0110,패션,159000,완료,2025-08-02,mobile,card,N,0,0,4,N
O00700,U0280,전자기기,401000,취소,2025-08-13,mobile,card,N,0,0,3,Y
O00701,U0228,식품,75000,완료,2025-08-15,mobile,toss_pay,Y,20,0,2,Y
O00702,U0268,패션,123000,완료,2025-08-24,tablet,toss_pay,Y,12,0,2,Y
O00703,U0010,식품,60000,완료,2025-08-05,mobile,card,N,0,0,3,N
O00704,U0421,패션,90000,반품,2025-08-12,mobile,toss_pay,Y,20,0,3,N
O00705,U0163,식품,67000,완료,2025-08-24,mobile,card,Y,20,0,5,Y
O00706,U0328,뷰티,77000,반품,2025-08-13,mobile,naver_pay,N,0,0,2,Y
O00707,U0071,전자기기,222000,취소,2025-08-07,desktop,naver_pay,N,0,0,1,Y
O00708,U0103,뷰티,59000,완료,2025-08-07,mobile,kakao_pay,N,0,0,4,N
O00709,U0188,식품,91000,완료,2025-08-26,mobile,card,N,0,0,5,Y
O00710,U0098,패션,173000,완료,2025-08-17,mobile,toss_pay,Y,12,0,3,N
O00711,U0366,홈리빙,214000,완료,2025-08-28,tablet,bank_transfer,Y,5,0,2,N
O00712,U0044,홈리빙,201000,완료,2025-08-30,mobile,card,N,0,0,3,N
O00713,U0148,홈리빙,111000,완료,2025-08-06,mobile,kakao_pay,Y,10,0,2,Y
O00714,U0204,뷰티,39000,완료,2025-08-04,mobile,toss_pay,N,0,3000,2,Y
O00715,U0331,전자기기,336000,완료,2025-08-01,mobile,kakao_pay,Y,12,0,5,N
O00716,U0289,홈리빙,130000,완료,2025-08-31,mobile,card,N,0,0,3,N
O00717,U0336,패션,45000,완료,2025-08-04,mobile,card,Y,7,3000,2,Y
O00718,U0498,식품,133000,완료,2025-08-20,desktop,naver_pay,Y,20,0,2,N
O00719,U0498,뷰티,81000,완료,2025-08-09,mobile,card,N,0,0,3,N
O00720,U0497,홈리빙,108000,완료,2025-08-14,mobile,card,Y,20,0,3,Y
O00721,U0163,패션,126000,반품,2025-08-30,mobile,card,N,0,0,5,Y
O00722,U0308,식품,53000,완료,2025-08-09,mobile,card,N,0,0,4,N
O00723,U0349,패션,169000,취소,2025-08-24,mobile,card,N,0,0,2,N
O00724,U0124,패션,45000,완료,2025-08-17,desktop,bank_transfer,N,0,3000,5,Y
O00725,U0450,전자기기,338000,완료,2025-08-08,mobile,card,Y,7,0,5,Y
O00726,U0390,홈리빙,37000,완료,2025-08-31,desktop,kakao_pay,N,0,0,4,Y
O00727,U0436,뷰티,109000,취소,2025-08-30,mobile,card,Y,5,0,4,Y
O00728,U0039,전자기기,96000,반품,2025-08-13,mobile,card,N,0,0,1,N
O00729,U0151,뷰티,42000,완료,2025-08-19,mobile,card,N,0,0,4,N
O00730,U0434,전자기기,100000,완료,2025-08-07,mobile,bank_transfer,Y,7,0,3,N
O00731,U0349,식품,38000,완료,2025-08-14,mobile,naver_pay,Y,7,3000,3,N
O00732,U0254,패션,161000,완료,2025-08-09,mobile,naver_pay,N,0,0,4,N
O00733,U0135,전자기기,264000,완료,2025-08-03,mobile,naver_pay,N,0,0,3,N
O00734,U0337,홈리빙,305000,완료,2025-08-23,mobile,naver_pay,N,0,0,2,N
O00735,U0342,식품,43000,완료,2025-08-10,mobile,naver_pay,N,0,3000,3,Y
O00736,U0380,패션,60000,반품,2025-08-29,mobile,card,N,0,0,3,N
O00737,U0230,홈리빙,301000,취소,2025-08-24,desktop,kakao_pay,N,0,0,2,N
O00738,U0373,패션,54000,완료,2025-08-26,mobile,card,Y,20,0,3,Y
O00739,U0410,홈리빙,281000,완료,2025-08-07,mobile,card,Y,5,0,2,Y
O00740,U0010,패션,205000,완료,2025-08-16,mobile,kakao_pay,N,0,0,4,N
O00741,U0215,홈리빙,298000,완료,2025-08-20,mobile,card,Y,5,0,3,N
O00742,U0138,패션,156000,반품,2025-08-21,tablet,naver_pay,Y,5,0,2,N
O00743,U0145,뷰티,83000,완료,2025-08-28,mobile,card,N,0,0,4,N
O00744,U0066,뷰티,19000,완료,2025-08-29,mobile,card,Y,7,0,5,N
O00745,U0146,홈리빙,214000,반품,2025-08-29,mobile,card,N,0,0,2,N
O00746,U0066,패션,214000,완료,2025-08-16,mobile,bank_transfer,Y,15,0,2,N
O00747,U0280,홈리빙,248000,완료,2025-08-15,mobile,card,Y,7,0,3,Y
O00748,U0299,홈리빙,99000,반품,2025-08-23,desktop,naver_pay,N,0,0,2,Y
O00749,U0073,홈리빙,95000,완료,2025-08-18,mobile,bank_transfer,N,0,0,3,N
O00750,U0073,패션,224000,완료,2025-08-07,mobile,bank_transfer,N,0,0,4,N
O00751,U0483,뷰티,100000,완료,2025-08-08,mobile,naver_pay,N,0,0,2,N
O00752,U0396,패션,25000,반품,2025-08-03,mobile,card,Y,7,3000,3,Y
O00753,U0176,식품,59000,반품,2025-08-30,mobile,naver_pay,Y,7,0,1,Y
O00754,U0130,패션,94000,취소,2025-08-28,mobile,card,Y,7,0,1,Y
O00755,U0155,뷰티,117000,완료,2025-08-06,mobile,naver_pay,Y,5,0,3,Y
O00756,U0155,식품,45000,완료,2025-08-23,mobile,toss_pay,N,0,0,4,Y
O00757,U0066,전자기기,180000,완료,2025-08-12,tablet,card,N,0,0,5,N
O00758,U0491,패션,145000,완료,2025-08-26,mobile,kakao_pay,N,0,0,4,Y
O00759,U0193,전자기기,357000,취소,2025-08-08,mobile,toss_pay,N,0,0,2,Y
O00760,U0113,식품,24000,완료,2025-08-31,mobile,card,N,0,0,2,N
O00761,U0074,홈리빙,205000,완료,2025-09-22,mobile,naver_pay,N,0,0,3,N
O00762,U0355,뷰티,23000,완료,2025-09-17,mobile,naver_pay,Y,12,3000,2,N
O00763,U0453,패션,188000,완료,2025-09-13,mobile,kakao_pay,N,0,0,3,Y
O00764,U0079,패션,77000,완료,2025-09-20,mobile,kakao_pay,Y,5,0,3,Y
O00765,U0488,식품,31000,완료,2025-09-24,desktop,bank_transfer,Y,5,0,3,N
O00766,U0372,홈리빙,224000,완료,2025-09-07,mobile,card,Y,5,0,6,N
O00767,U0256,패션,78000,완료,2025-09-13,desktop,naver_pay,N,0,0,3,Y
O00768,U0299,패션,72000,완료,2025-09-04,desktop,card,N,0,0,3,Y
O00769,U0442,홈리빙,282000,완료,2025-09-04,mobile,card,N,0,0,3,N
O00770,U0027,패션,176000,완료,2025-09-29,mobile,card,Y,12,0,1,N
O00771,U0063,전자기기,457000,완료,2025-09-29,mobile,naver_pay,N,0,0,4,N
O00772,U0471,뷰티,46000,완료,2025-09-19,mobile,kakao_pay,N,0,0,4,N
O00773,U0240,식품,83000,취소,2025-09-01,mobile,kakao_pay,Y,12,0,2,N
O00774,U0283,전자기기,217000,완료,2025-09-28,mobile,card,Y,12,0,5,N
O00775,U0095,식품,23000,완료,2025-09-08,desktop,kakao_pay,N,0,3000,5,N
O00776,U0356,식품,52000,완료,2025-09-24,mobile,card,N,0,0,2,Y
O00777,U0273,전자기기,188000,취소,2025-09-25,tablet,naver_pay,Y,12,0,4,Y
O00778,U0445,식품,29000,완료,2025-09-18,mobile,card,Y,7,3000,5,Y
O00779,U0431,패션,171000,완료,2025-09-24,mobile,kakao_pay,N,0,0,5,Y
O00780,U0078,식품,39000,완료,2025-09-18,mobile,card,N,0,0,3,N
O00781,U0020,전자기기,308000,완료,2025-09-11,desktop,naver_pay,Y,7,0,3,Y
O00782,U0365,식품,80000,완료,2025-09-04,mobile,card,Y,15,0,5,Y
O00783,U0106,식품,92000,완료,2025-09-04,desktop,toss_pay,N,0,0,5,Y
O00784,U0249,홈리빙,205000,완료,2025-09-01,mobile,card,Y,7,0,5,N
O00785,U0008,패션,131000,완료,2025-09-22,tablet,kakao_pay,Y,12,0,2,Y
O00786,U0197,식품,39000,완료,2025-09-22,mobile,kakao_pay,N,0,3000,1,N
O00787,U0247,전자기기,319000,취소,2025-09-23,mobile,kakao_pay,N,0,0,2,Y
O00788,U0290,홈리빙,328000,반품,2025-09-03,desktop,card,Y,12,0,4,Y
O00789,U0040,식품,60000,완료,2025-09-11,mobile,toss_pay,N,0,0,1,Y
O00790,U0145,식품,56000,취소,2025-09-30,mobile,naver_pay,Y,7,0,1,N
O00791,U0254,전자기기,282000,완료,2025-09-04,mobile,naver_pay,N,0,0,4,N
O00792,U0349,뷰티,39000,반품,2025-09-07,mobile,naver_pay,Y,10,3000,1,N
O00793,U0241,패션,126000,완료,2025-09-28,mobile,card,Y,12,0,2,N
O00794,U0344,홈리빙,189000,완료,2025-09-19,mobile,card,N,0,0,6,Y
O00795,U0010,뷰티,97000,취소,2025-09-16,mobile,kakao_pay,N,0,0,3,N
O00796,U0014,뷰티,31000,취소,2025-09-30,mobile,kakao_pay,N,0,3000,2,N
O00797,U0470,전자기기,192000,완료,2025-09-03,tablet,card,Y,20,0,3,N
O00798,U0490,식품,22000,완료,2025-09-17,mobile,naver_pay,Y,10,0,1,N
O00799,U0395,전자기기,104000,취소,2025-09-26,mobile,toss_pay,N,0,0,6,N
O00800,U0101,식품,36000,완료,2025-09-05,mobile,bank_transfer,N,0,0,4,N
O00801,U0430,전자기기,466000,취소,2025-09-12,mobile,naver_pay,Y,7,0,7,N
O00802,U0474,홈리빙,51000,완료,2025-09-15,mobile,naver_pay,Y,12,0,3,N
O00803,U0302,홈리빙,168000,취소,2025-09-06,desktop,naver_pay,N,0,0,7,Y
O00804,U0114,뷰티,83000,취소,2025-09-25,mobile,toss_pay,Y,15,0,2,Y
O00805,U0319,패션,157000,완료,2025-09-30,mobile,kakao_pay,N,0,0,2,N
O00806,U0144,홈리빙,244000,완료,2025-09-22,desktop,toss_pay,N,0,0,5,N
O00807,U0394,전자기기,447000,완료,2025-09-30,mobile,card,N,0,0,5,N
O00808,U0128,패션,185000,완료,2025-09-07,mobile,card,N,0,0,2,N
O00809,U0413,뷰티,63000,완료,2025-09-26,desktop,toss_pay,N,0,0,2,N
O00810,U0384,패션,107000,취소,2025-09-24,mobile,card,Y,12,0,4,Y
O00811,U0438,식품,104000,완료,2025-09-16,desktop,card,Y,20,0,3,Y
O00812,U0357,홈리빙,97000,완료,2025-09-03,tablet,bank_transfer,Y,5,0,3,Y
O00813,U0095,홈리빙,321000,반품,2025-09-02,mobile,kakao_pay,N,0,0,3,N
O00814,U0497,식품,58000,완료,2025-09-02,mobile,card,Y,7,0,5,Y
O00815,U0019,전자기기,172000,완료,2025-09-02,desktop,card,Y,20,0,6,Y
O00816,U0005,패션,91000,완료,2025-09-12,mobile,naver_pay,Y,15,0,3,N
O00817,U0421,패션,64000,완료,2025-09-01,desktop,card,N,0,0,3,N
O00818,U0483,전자기기,214000,취소,2025-09-15,mobile,bank_transfer,N,0,0,2,N
O00819,U0303,홈리빙,28000,취소,2025-09-08,mobile,bank_transfer,N,0,3000,3,N
O00820,U0050,전자기기,331000,취소,2025-09-07,desktop,card,Y,15,0,6,Y
O00821,U0441,뷰티,53000,취소,2025-09-07,mobile,bank_transfer,N,0,0,3,Y
O00822,U0178,식품,53000,완료,2025-09-09,mobile,card,N,0,0,3,Y
O00823,U0118,패션,96000,완료,2025-09-23,mobile,naver_pay,Y,15,0,3,Y
O00824,U0400,패션,100000,완료,2025-09-12,desktop,card,N,0,0,2,Y
O00825,U0108,패션,58000,반품,2025-09-07,mobile,kakao_pay,N,0,0,5,Y
O00826,U0424,홈리빙,65000,완료,2025-09-03,mobile,naver_pay,N,0,0,2,Y
O00827,U0263,패션,92000,완료,2025-09-17,mobile,card,N,0,0,2,Y
O00828,U0035,홈리빙,213000,완료,2025-09-16,desktop,naver_pay,N,0,0,4,Y
O00829,U0477,홈리빙,87000,완료,2025-09-18,mobile,card,N,0,0,5,Y
O00830,U0065,뷰티,38000,취소,2025-09-09,mobile,card,N,0,3000,5,Y
O00831,U0256,전자기기,175000,취소,2025-09-19,desktop,card,Y,7,0,4,Y
O00832,U0393,뷰티,98000,완료,2025-09-05,desktop,card,Y,15,0,3,Y
O00833,U0001,뷰티,60000,취소,2025-09-17,mobile,kakao_pay,N,0,0,4,Y
O00834,U0170,식품,92000,완료,2025-09-05,mobile,kakao_pay,N,0,0,3,Y
O00835,U0403,패션,73000,완료,2025-09-01,mobile,card,N,0,0,2,Y
O00836,U0147,패션,123000,완료,2025-09-26,desktop,naver_pay,Y,15,0,4,Y
O00837,U0140,패션,92000,완료,2025-09-15,mobile,kakao_pay,N,0,0,2,N
O00838,U0066,홈리빙,174000,완료,2025-09-28,mobile,kakao_pay,Y,10,0,5,N
O00839,U0215,식품,62000,완료,2025-09-11,desktop,kakao_pay,N,0,0,2,N
O00840,U0097,홈리빙,78000,완료,2025-09-17,mobile,card,N,0,0,4,N
O00841,U0177,뷰티,56000,완료,2025-09-29,mobile,kakao_pay,Y,10,0,1,Y
O00842,U0219,뷰티,108000,취소,2025-09-30,mobile,card,N,0,0,2,Y
O00843,U0413,패션,123000,취소,2025-09-08,mobile,card,Y,7,0,3,N
O00844,U0020,패션,112000,반품,2025-09-01,mobile,kakao_pay,Y,7,0,2,Y
O00845,U0498,패션,152000,완료,2025-09-22,tablet,kakao_pay,Y,7,0,1,N
O00846,U0230,홈리빙,236000,완료,2025-09-11,mobile,kakao_pay,N,0,0,7,N
O00847,U0313,패션,138000,완료,2025-09-08,mobile,kakao_pay,N,0,0,2,N
O00848,U0408,뷰티,51000,완료,2025-09-10,tablet,card,N,0,0,3,Y
O00849,U0401,패션,167000,반품,2025-09-23,mobile,card,Y,7,0,1,Y
O00850,U0271,패션,78000,취소,2025-09-03,mobile,toss_pay,Y,7,0,4,Y
O00851,U0387,홈리빙,129000,완료,2025-09-16,mobile,card,Y,5,0,2,N
O00852,U0439,뷰티,61000,반품,2025-09-11,mobile,kakao_pay,N,0,0,2,N
O00853,U0078,패션,45000,완료,2025-09-30,mobile,kakao_pay,N,0,3000,1,N
O00854,U0489,식품,12000,완료,2025-09-23,mobile,bank_transfer,Y,7,3000,5,Y
O00855,U0173,뷰티,54000,완료,2025-09-27,mobile,card,Y,15,0,1,N
O00856,U0469,식품,63000,취소,2025-09-20,mobile,kakao_pay,Y,10,0,5,Y
O00857,U0135,전자기기,302000,취소,2025-09-02,mobile,kakao_pay,N,0,0,5,N
O00858,U0192,패션,94000,완료,2025-09-13,mobile,naver_pay,N,0,0,5,Y
O00859,U0206,홈리빙,180000,취소,2025-09-19,mobile,card,Y,12,0,1,Y
O00860,U0438,전자기기,326000,반품,2025-09-14,desktop,kakao_pay,Y,10,0,5,Y
O00861,U0200,홈리빙,197000,완료,2025-09-06,mobile,kakao_pay,Y,20,0,2,Y
O00862,U0190,패션,156000,완료,2025-09-23,mobile,toss_pay,Y,12,0,5,Y
O00863,U0432,뷰티,97000,취소,2025-09-23,tablet,naver_pay,N,0,0,5,Y
O00864,U0093,홈리빙,66000,완료,2025-09-17,mobile,card,N,0,0,2,N
O00865,U0300,홈리빙,126000,취소,2025-09-12,mobile,naver_pay,N,0,0,7,N
O00866,U0162,전자기기,196000,취소,2025-09-17,mobile,naver_pay,Y,20,0,4,Y
O00867,U0190,뷰티,42000,완료,2025-09-18,desktop,card,N,0,3000,3,Y
O00868,U0138,홈리빙,40000,완료,2025-09-30,tablet,card,N,0,3000,4,N
O00869,U0442,뷰티,44000,반품,2025-09-09,desktop,bank_transfer,Y,20,3000,3,N
O00870,U0193,전자기기,360000,완료,2025-09-18,mobile,toss_pay,Y,5,0,6,Y
O00871,U0408,뷰티,146000,완료,2025-09-22,mobile,card,N,0,0,3,Y
O00872,U0026,홈리빙,102000,완료,2025-09-06,tablet,card,Y,7,0,5,Y
O00873,U0272,패션,125000,취소,2025-09-24,mobile,card,N,0,0,4,N
O00874,U0123,식품,118000,완료,2025-09-10,mobile,naver_pay,Y,7,0,2,N
O00875,U0500,식품,35000,취소,2025-09-09,tablet,card,Y,5,3000,5,N
O00876,U0486,전자기기,340000,완료,2025-09-09,mobile,card,N,0,0,6,N
O00877,U0394,패션,157000,완료,2025-09-26,mobile,card,N,0,0,3,N
O00878,U0489,식품,50000,반품,2025-09-21,desktop,card,N,0,0,5,Y
O00879,U0169,패션,48000,완료,2025-09-16,desktop,card,N,0,0,4,Y
O00880,U0387,식품,41000,완료,2025-09-11,desktop,kakao_pay,N,0,3000,3,N
O00881,U0319,패션,21000,완료,2025-09-01,tablet,naver_pay,Y,20,3000,5,N
O00882,U0489,홈리빙,163000,완료,2025-09-18,mobile,card,N,0,0,5,Y
O00883,U0363,패션,164000,취소,2025-09-28,mobile,kakao_pay,Y,10,0,1,N
O00884,U0055,홈리빙,188000,완료,2025-09-03,tablet,card,N,0,0,6,Y
O00885,U0493,패션,88000,완료,2025-09-05,mobile,naver_pay,Y,10,0,5,N
O00886,U0471,식품,29000,취소,2025-09-26,mobile,card,Y,10,3000,3,N
O00887,U0039,전자기기,336000,완료,2025-09-18,mobile,naver_pay,N,0,0,5,N
O00888,U0140,뷰티,103000,완료,2025-09-02,mobile,card,Y,12,0,4,N
O00889,U0069,전자기기,391000,반품,2025-09-18,mobile,card,Y,10,0,4,N
O00890,U0450,패션,189000,완료,2025-09-07,mobile,bank_transfer,N,0,0,3,Y
O00891,U0364,전자기기,313000,취소,2025-09-26,mobile,kakao_pay,Y,12,0,4,N
O00892,U0364,홈리빙,128000,완료,2025-09-05,mobile,bank_transfer,N,0,0,3,N
O00893,U0198,식품,42000,취소,2025-09-01,mobile,kakao_pay,N,0,3000,3,Y
O00894,U0495,뷰티,36000,완료,2025-09-02,mobile,toss_pay,Y,20,0,4,N
O00895,U0109,패션,86000,취소,2025-09-21,mobile,card,N,0,0,1,N
O00896,U0101,전자기기,231000,취소,2025-09-11,mobile,naver_pay,N,0,0,2,N
O00897,U0494,패션,128000,완료,2025-09-28,mobile,card,N,0,0,2,Y
O00898,U0332,홈리빙,100000,완료,2025-09-24,mobile,card,Y,5,0,5,Y
O00899,U0230,패션,54000,완료,2025-09-17,desktop,kakao_pay,Y,12,0,5,N
O00900,U0034,뷰티,43000,완료,2025-09-08,desktop,toss_pay,N,0,0,3,Y
O00901,U0219,전자기기,240000,취소,2025-09-09,mobile,naver_pay,N,0,0,2,Y
O00902,U0360,뷰티,90000,완료,2025-09-29,desktop,card,N,0,0,3,Y
O00903,U0055,홈리빙,289000,완료,2025-09-21,desktop,kakao_pay,N,0,0,3,Y
O00904,U0250,뷰티,106000,취소,2025-09-07,mobile,card,N,0,0,3,Y
O00905,U0095,식품,85000,완료,2025-09-19,mobile,naver_pay,Y,7,0,3,N
O00906,U0280,전자기기,208000,완료,2025-09-16,mobile,naver_pay,Y,10,0,4,Y
O00907,U0107,홈리빙,156000,취소,2025-09-24,desktop,card,Y,12,0,5,Y
O00908,U0037,식품,33000,반품,2025-09-14,mobile,card,N,0,0,3,N
O00909,U0063,패션,63000,완료,2025-09-26,mobile,card,Y,7,0,2,N
O00910,U0296,식품,62000,취소,2025-09-30,mobile,naver_pay,Y,7,0,1,N
O00911,U0422,식품,49000,완료,2025-09-12,mobile,kakao_pay,Y,15,0,4,Y
O00912,U0474,식품,90000,완료,2025-09-06,mobile,naver_pay,N,0,0,2,N
O00913,U0413,패션,162000,완료,2025-09-20,mobile,naver_pay,Y,10,0,2,N
O00914,U0068,전자기기,298000,취소,2025-09-03,mobile,naver_pay,N,0,0,4,Y
O00915,U0416,패션,34000,완료,2025-09-14,mobile,naver_pay,Y,12,0,2,Y
O00916,U0056,패션,104000,반품,2025-09-29,desktop,toss_pay,N,0,0,3,Y
O00917,U0485,식품,104000,완료,2025-09-14,mobile,card,N,0,0,3,Y
O00918,U0087,홈리빙,166000,완료,2025-09-10,desktop,bank_transfer,N,0,0,3,N
O00919,U0181,뷰티,35000,반품,2025-09-04,desktop,card,N,0,3000,5,Y
O00920,U0278,뷰티,114000,완료,2025-09-08,mobile,card,Y,7,0,2,Y
O00921,U0460,뷰티,46000,완료,2025-09-18,mobile,kakao_pay,N,0,0,2,Y
O00922,U0069,패션,62000,완료,2025-09-05,mobile,naver_pay,N,0,0,3,N
O00923,U0308,전자기기,330000,취소,2025-09-02,desktop,toss_pay,Y,7,0,2,N
O00924,U0382,식품,109000,완료,2025-09-26,mobile,card,N,0,0,4,N
O00925,U0316,전자기기,354000,취소,2025-09-24,desktop,naver_pay,N,0,0,3,Y
O00926,U0488,전자기기,239000,완료,2025-09-03,mobile,naver_pay,Y,15,0,2,N
O00927,U0272,전자기기,218000,취소,2025-09-17,desktop,card,N,0,0,6,N
O00928,U0306,전자기기,251000,취소,2025-09-12,mobile,naver_pay,Y,15,0,3,N
O00929,U0316,전자기기,180000,취소,2025-09-08,mobile,card,Y,5,0,4,Y
O00930,U0498,패션,58000,완료,2025-09-21,desktop,kakao_pay,N,0,0,1,N
O00931,U0235,뷰티,84000,완료,2025-09-20,mobile,toss_pay,N,0,0,5,N
O00932,U0390,홈리빙,73000,취소,2025-09-04,tablet,bank_transfer,Y,5,0,4,Y
O00933,U0446,홈리빙,198000,완료,2025-09-29,mobile,kakao_pay,N,0,0,4,Y
O00934,U0471,뷰티,74000,완료,2025-09-23,mobile,naver_pay,Y,10,0,2,N
O00935,U0196,식품,79000,완료,2025-09-08,mobile,card,N,0,0,1,Y
O00936,U0439,식품,106000,완료,2025-09-03,mobile,toss_pay,N,0,0,2,N
O00937,U0231,전자기기,299000,완료,2025-09-13,desktop,bank_transfer,Y,10,0,1,Y
O00938,U0395,식품,38000,완료,2025-09-26,mobile,card,Y,20,3000,3,N
O00939,U0134,패션,102000,완료,2025-09-08,desktop,naver_pay,N,0,0,2,N
O00940,U0276,뷰티,54000,완료,2025-09-22,mobile,bank_transfer,N,0,0,1,Y
O00941,U0346,전자기기,373000,취소,2025-09-27,mobile,naver_pay,Y,7,0,2,N
O00942,U0263,식품,89000,취소,2025-09-20,desktop,card,N,0,0,4,Y
O00943,U0230,뷰티,26000,취소,2025-09-07,mobile,card,N,0,3000,3,N
O00944,U0068,식품,55000,반품,2025-09-25,tablet,toss_pay,Y,5,0,3,Y
O00945,U0254,식품,60000,완료,2025-09-17,mobile,kakao_pay,N,0,0,5,N
O00946,U0447,전자기기,482000,완료,2025-09-27,mobile,card,Y,5,0,3,Y
O00947,U0296,홈리빙,137000,완료,2025-09-24,mobile,card,N,0,0,3,N
O00948,U0460,홈리빙,121000,취소,2025-09-20,mobile,toss_pay,N,0,0,2,Y
O00949,U0037,전자기기,218000,완료,2025-09-27,mobile,card,N,0,0,4,N
O00950,U0011,전자기기,357000,반품,2025-09-15,mobile,kakao_pay,Y,7,0,1,N
O00951,U0131,패션,35000,완료,2025-09-02,desktop,card,N,0,3000,4,Y
O00952,U0413,식품,63000,완료,2025-09-23,tablet,naver_pay,Y,12,0,3,N
O00953,U0048,식품,126000,완료,2025-09-12,desktop,card,N,0,0,2,Y
O00954,U0190,홈리빙,45000,완료,2025-09-09,mobile,toss_pay,Y,12,0,2,Y
O00955,U0452,패션,60000,반품,2025-09-25,mobile,bank_transfer,N,0,0,3,Y
O00956,U0279,홈리빙,229000,완료,2025-09-26,mobile,card,Y,5,0,3,N
O00957,U0264,뷰티,69000,완료,2025-09-14,mobile,toss_pay,N,0,0,2,N
O00958,U0022,패션,39000,완료,2025-09-17,mobile,naver_pay,N,0,3000,1,Y
O00959,U0176,뷰티,50000,완료,2025-09-19,desktop,kakao_pay,Y,5,0,2,Y
O00960,U0404,뷰티,143000,완료,2025-09-25,mobile,bank_transfer,N,0,0,5,N
O00961,U0326,홈리빙,202000,완료,2025-09-10,desktop,bank_transfer,N,0,0,3,Y
O00962,U0073,식품,71000,완료,2025-09-29,mobile,card,Y,15,0,3,N
O00963,U0145,식품,37000,반품,2025-09-05,desktop,bank_transfer,Y,7,0,5,N
O00964,U0388,뷰티,27000,완료,2025-09-04,mobile,kakao_pay,N,0,0,4,Y
O00965,U0230,뷰티,40000,취소,2025-09-11,tablet,naver_pay,Y,15,3000,2,N
O00966,U0334,식품,129000,완료,2025-09-27,desktop,bank_transfer,Y,15,0,2,N
O00967,U0003,패션,221000,완료,2025-09-18,mobile,kakao_pay,N,0,0,1,N
O00968,U0402,식품,68000,완료,2025-09-19,mobile,naver_pay,Y,20,0,3,Y
O00969,U0182,뷰티,19000,완료,2025-09-25,mobile,naver_pay,N,0,3000,2,N
O00970,U0095,뷰티,103000,완료,2025-09-08,desktop,card,Y,7,0,2,N
O00971,U0290,식품,117000,취소,2025-09-08,desktop,card,N,0,0,5,Y
O00972,U0001,식품,118000,완료,2025-09-17,mobile,toss_pay,Y,5,0,3,Y
O00973,U0099,전자기기,361000,완료,2025-09-02,mobile,toss_pay,N,0,0,5,Y
O00974,U0305,패션,170000,완료,2025-09-17,mobile,card,Y,12,0,4,N
O00975,U0097,식품,34000,완료,2025-09-15,mobile,card,N,0,0,3,N
O00976,U0223,패션,93000,완료,2025-09-20,desktop,card,Y,12,0,2,Y
O00977,U0069,전자기기,264000,취소,2025-09-19,mobile,card,N,0,0,1,N
O00978,U0349,식품,54000,완료,2025-09-07,mobile,card,N,0,0,2,N
O00979,U0100,패션,75000,반품,2025-09-04,mobile,card,N,0,0,3,Y
O00980,U0234,홈리빙,331000,완료,2025-09-13,desktop,card,N,0,0,2,N
O00981,U0060,식품,82000,완료,2025-09-04,mobile,toss_pay,Y,12,0,3,Y
O00982,U0095,뷰티,52000,취소,2025-09-11,desktop,card,N,0,0,3,N
O00983,U0024,홈리빙,224000,취소,2025-09-22,mobile,card,N,0,0,3,Y
O00984,U0119,전자기기,177000,완료,2025-09-03,desktop,naver_pay,N,0,0,2,Y
O00985,U0006,패션,160000,완료,2025-09-17,mobile,naver_pay,N,0,0,2,N
O00986,U0471,뷰티,116000,완료,2025-09-14,desktop,kakao_pay,N,0,0,5,N
O00987,U0434,패션,50000,반품,2025-09-01,mobile,toss_pay,N,0,0,3,N
O00988,U0163,뷰티,70000,완료,2025-09-22,mobile,naver_pay,N,0,0,3,Y
O00989,U0470,전자기기,376000,취소,2025-09-28,desktop,kakao_pay,N,0,0,5,N
O00990,U0396,패션,45000,완료,2025-09-03,mobile,naver_pay,N,0,0,2,Y
O00991,U0498,식품,49000,취소,2025-09-24,tablet,naver_pay,N,0,3000,2,N
O00992,U0037,식품,71000,취소,2025-09-18,tablet,naver_pay,Y,12,0,1,N
O00993,U0292,식품,75000,완료,2025-09-29,desktop,toss_pay,Y,15,0,2,Y
O00994,U0466,홈리빙,187000,취소,2025-09-09,mobile,naver_pay,Y,15,0,6,Y
O00995,U0254,패션,78000,완료,2025-09-03,mobile,naver_pay,N,0,0,4,N
O00996,U0135,뷰티,113000,완료,2025-09-30,desktop,kakao_pay,N,0,0,2,N
O00997,U0091,홈리빙,87000,완료,2025-09-09,mobile,card,N,0,0,4,Y
O00998,U0184,전자기기,308000,취소,2025-09-28,mobile,kakao_pay,N,0,0,3,Y
O00999,U0308,홈리빙,79000,완료,2025-09-02,mobile,kakao_pay,N,0,0,5,N
O01000,U0395,뷰티,88000,취소,2025-09-09,desktop,card,N,0,0,4,N
